epoch,step,loss,lr,time_s
1,100,0.043157123029232025,0.0002,12.07
1,200,0.018580228090286255,0.0002,19.97
1,300,0.03194177523255348,0.0002,27.88
1,400,0.031150687485933304,0.0002,35.61
1,500,0.015054535120725632,0.0002,43.5
1,600,0.03123902715742588,0.0002,51.38
1,700,0.02495478093624115,0.0002,59.25
1,800,0.023050321266055107,0.0002,67.08
1,900,0.042669627815485,0.0002,74.92
1,1000,0.01276213675737381,0.0002,82.77
1,1100,0.02574159763753414,0.0002,90.63
1,1200,0.02808370068669319,0.0002,98.48
1,1300,0.010608852840960026,0.0002,106.34
1,1400,0.024407565593719482,0.0002,114.19
1,1500,0.009192152880132198,0.0002,122.05
1,1600,0.028297115117311478,0.0002,129.91
1,1700,0.0209951251745224,0.0002,138.0
1,1800,0.0076533532701432705,0.0002,145.84
1,1900,0.013370824046432972,0.0002,153.77
1,2000,0.03954879194498062,0.0002,161.68
1,2100,0.014660734683275223,0.0002,169.61
1,2200,0.004319711122661829,0.0002,177.48
1,2300,0.028931962326169014,0.0002,185.35
1,2400,0.028607474640011787,0.0002,193.21
1,2500,0.007213318254798651,0.0002,201.08
1,2600,0.03125380352139473,0.0002,208.94
1,2700,0.032357919961214066,0.0002,216.81
1,2800,0.02472124993801117,0.0002,224.67
1,2900,0.03237352892756462,0.0002,232.52
1,3000,0.05513247102499008,0.0002,240.4
1,3100,0.0479358434677124,0.0002,248.26
1,3200,0.0653945654630661,0.0002,256.4
1,3300,0.01877005398273468,0.0002,264.4
1,3400,0.012938405387103558,0.0002,272.27
1,3500,0.016060270369052887,0.0002,280.14
1,3600,0.031525708734989166,0.0002,288.02
1,3700,0.015955908223986626,0.0002,295.88
1,3800,0.011986730620265007,0.0002,303.74
1,3900,0.02103845402598381,0.0002,311.62
1,4000,0.022016622126102448,0.0002,319.5
1,4100,0.016588754951953888,0.0002,327.36
1,4200,0.022401440888643265,0.0002,335.24
1,4300,0.02178456261754036,0.0002,343.11
1,4400,0.027707677334547043,0.0002,350.95
1,4500,0.022012246772646904,0.0002,358.82
1,4600,0.03193717449903488,0.0002,366.62
1,4700,0.03115573711693287,0.0002,374.42
1,4800,0.017040319740772247,0.0002,382.49
1,4900,0.06023266538977623,0.0002,390.46
1,5000,0.00389187503606081,0.0002,398.27
1,5100,0.017958616837859154,0.0002,406.09
1,5200,0.01627572998404503,0.0002,413.9
1,5300,0.022892210632562637,0.0002,421.7
1,5400,0.004406101070344448,0.0002,429.51
1,5500,0.039946071803569794,0.0002,437.32
1,5600,0.018131040036678314,0.0002,445.12
2,5700,0.029482567682862282,0.0002,6.02
2,5800,0.007227960973978043,0.0002,13.89
2,5900,0.01478126086294651,0.0002,21.78
2,6000,0.009882781654596329,0.0002,29.66
2,6100,0.0202579814940691,0.0002,37.54
2,6200,0.017486905679106712,0.0002,45.63
2,6300,0.00643053138628602,0.0002,53.88
2,6400,0.022653920575976372,0.0002,61.74
2,6500,0.0126952501013875,0.0002,69.61
2,6600,0.040065422654151917,0.0002,77.52
2,6700,0.025052327662706375,0.0002,85.39
2,6800,0.021715916693210602,0.0002,93.28
2,6900,0.03656648099422455,0.0002,101.17
2,7000,0.009807080030441284,0.0002,109.05
2,7100,0.029436126351356506,0.0002,116.94
2,7200,0.009276269003748894,0.0002,124.83
2,7300,0.02237120270729065,0.0002,132.72
2,7400,0.026191003620624542,0.0002,140.63
2,7500,0.023244984447956085,0.0002,148.51
2,7600,0.015713851898908615,0.0002,156.39
2,7700,0.007670465391129255,0.0002,164.26
2,7800,0.0644540786743164,0.0002,172.43
2,7900,0.038576338440179825,0.0002,180.44
2,8000,0.009941081516444683,0.0002,188.31
2,8100,0.019153285771608353,0.0002,196.19
2,8200,0.004444641061127186,0.0002,204.07
2,8300,0.024539941921830177,0.0002,211.94
2,8400,0.014064054936170578,0.0002,219.84
2,8500,0.025694148615002632,0.0002,227.74
2,8600,0.03332199156284332,0.0002,235.61
2,8700,0.060569483786821365,0.0002,243.36
2,8800,0.012862354516983032,0.0002,250.99
2,8900,0.02274913713335991,0.0002,258.62
2,9000,0.017552513629198074,0.0002,266.25
2,9100,0.031791023910045624,0.0002,274.06
2,9200,0.009131452068686485,0.0002,281.94
2,9300,0.012742794118821621,0.0002,289.81
2,9400,0.030866563320159912,0.0002,298.09
2,9500,0.017307506874203682,0.0002,305.98
2,9600,0.029917078092694283,0.0002,313.86
2,9700,0.010156756266951561,0.0002,321.73
2,9800,0.01572665199637413,0.0002,329.6
2,9900,0.01819000020623207,0.0002,337.48
2,10000,0.02480941079556942,0.0002,345.38
2,10100,0.015501430258154869,0.0002,353.29
2,10200,0.02019922062754631,0.0002,361.16
2,10300,0.056737832725048065,0.0002,369.03
2,10400,0.017363857477903366,0.0002,376.89
2,10500,0.004349160939455032,0.0002,384.76
2,10600,0.03262472152709961,0.0002,392.64
2,10700,0.02035394124686718,0.0002,400.52
2,10800,0.014992821030318737,0.0002,408.38
2,10900,0.006305744871497154,0.0002,416.4
2,11000,0.01316157542169094,0.0002,424.55
2,11100,0.006078079808503389,0.0002,432.42
2,11200,0.023844247683882713,0.0002,440.29
3,11300,0.026083020493388176,0.0002,4.11
3,11400,0.016186660155653954,0.0002,12.0
3,11500,0.018204551190137863,0.0002,19.88
3,11600,0.0205108430236578,0.0002,27.6
3,11700,0.006472177337855101,0.0002,35.45
3,11800,0.010951215401291847,0.0002,43.3
3,11900,0.01072423905134201,0.0002,51.19
3,12000,0.014050218276679516,0.0002,59.05
3,12100,0.019580814987421036,0.0002,66.79
3,12200,0.05640668421983719,0.0002,74.44
3,12300,0.03274169936776161,0.0002,82.09
3,12400,0.013613954186439514,0.0002,89.73
3,12500,0.019177842885255814,0.0002,97.91
3,12600,0.01890895515680313,0.0002,105.55
3,12700,0.03191379830241203,0.0002,113.43
3,12800,0.023290030658245087,0.0002,121.3
3,12900,0.019628413021564484,0.0002,129.19
3,13000,0.0067233312875032425,0.0002,137.07
3,13100,0.05114171653985977,0.0002,144.95
3,13200,0.025073673576116562,0.0002,152.82
3,13300,0.03376755118370056,0.0002,160.7
3,13400,0.008919142186641693,0.0002,168.59
3,13500,0.06133504584431648,0.0002,176.45
3,13600,0.048390358686447144,0.0002,184.33
3,13700,0.05407819151878357,0.0002,192.21
3,13800,0.022616583853960037,0.0002,200.09
3,13900,0.00689426576718688,0.0002,207.97
3,14000,0.025068294256925583,0.0002,216.25
3,14100,0.011329179629683495,0.0002,224.25
3,14200,0.01948622614145279,0.0002,232.13
3,14300,0.008924594148993492,0.0002,240.01
3,14400,0.02428755909204483,0.0002,247.9
3,14500,0.024352770298719406,0.0002,255.79
3,14600,0.007537211291491985,0.0002,263.67
3,14700,0.033211395144462585,0.0002,271.53
3,14800,0.021181020885705948,0.0002,279.2
3,14900,0.041764676570892334,0.0002,286.85
3,15000,0.024974843487143517,0.0002,294.51
3,15100,0.006309080868959427,0.0002,302.18
3,15200,0.029356341809034348,0.0002,309.84
3,15300,0.02991276979446411,0.0002,317.5
3,15400,0.014887385070323944,0.0002,325.14
3,15500,0.060881875455379486,0.0002,332.81
3,15600,0.023212704807519913,0.0002,341.0
3,15700,0.008583303540945053,0.0002,348.63
3,15800,0.035332027822732925,0.0002,356.28
3,15900,0.02801741287112236,0.0002,363.93
3,16000,0.0325566902756691,0.0002,371.58
3,16100,0.03133799508213997,0.0002,379.22
3,16200,0.011398698203265667,0.0002,386.9
3,16300,0.02807554602622986,0.0002,394.56
3,16400,0.03740183264017105,0.0002,402.21
3,16500,0.024140669032931328,0.0002,409.88
3,16600,0.034640029072761536,0.0002,417.53
3,16700,0.011540677398443222,0.0002,425.17
3,16800,0.014598078094422817,0.0002,432.82
4,16900,0.02594793401658535,0.0002,2.22
4,17000,0.010386336594820023,0.0002,10.11
4,17100,0.015442794188857079,0.0002,18.36
4,17200,0.01660044863820076,0.0002,26.38
4,17300,0.03480939939618111,0.0002,34.27
4,17400,0.01647978089749813,0.0002,42.18
4,17500,0.0222921185195446,0.0002,50.07
4,17600,0.0073465388268232346,0.0002,57.97
4,17700,0.028779804706573486,0.0002,65.83
4,17800,0.018010415136814117,0.0002,73.73
4,17900,0.024949902668595314,0.0002,81.62
4,18000,0.008261056616902351,0.0002,89.52
4,18100,0.016618654131889343,0.0002,97.4
4,18200,0.014933237805962563,0.0002,105.28
4,18300,0.011475359089672565,0.0002,113.13
4,18400,0.02080295979976654,0.0002,120.92
4,18500,0.028193969279527664,0.0002,128.6
4,18600,0.012150386348366737,0.0002,136.26
4,18700,0.021911432966589928,0.0002,144.44
4,18800,0.024185648187994957,0.0002,152.11
4,18900,0.021827341988682747,0.0002,159.83
4,19000,0.03541327267885208,0.0002,167.74
4,19100,0.013715274631977081,0.0002,175.54
4,19200,0.018555205315351486,0.0002,183.2
4,19300,0.021296147257089615,0.0002,190.85
4,19400,0.0076490892097353935,0.0002,198.5
4,19500,0.03333664685487747,0.0002,206.15
4,19600,0.01732965186238289,0.0002,213.8
4,19700,0.020374134182929993,0.0002,221.43
4,19800,0.004360693506896496,0.0002,229.07
4,19900,0.010634345933794975,0.0002,236.72
4,20000,0.01176433451473713,0.0002,244.38
4,20100,0.02510383538901806,0.0002,252.03
4,20200,0.03615664318203926,0.0002,260.05
4,20300,0.02486852928996086,0.0002,267.8
4,20400,0.014212580397725105,0.0002,275.46
4,20500,0.012109171599149704,0.0002,283.09
4,20600,0.042487069964408875,0.0002,290.75
4,20700,0.006563861854374409,0.0002,298.4
4,20800,0.0063180564902722836,0.0002,306.05
4,20900,0.015850180760025978,0.0002,313.69
4,21000,0.03310485929250717,0.0002,321.33
4,21100,0.019785257056355476,0.0002,329.16
4,21200,0.030949246138334274,0.0002,337.05
4,21300,0.012072081677615643,0.0002,344.95
4,21400,0.05158557742834091,0.0002,352.84
4,21500,0.01596221514046192,0.0002,360.71
4,21600,0.01323775202035904,0.0002,368.36
4,21700,0.03696282207965851,0.0002,376.01
4,21800,0.007691157516092062,0.0002,384.03
4,21900,0.011881966143846512,0.0002,391.8
4,22000,0.03780408948659897,0.0002,399.43
4,22100,0.013488845899701118,0.0002,407.05
4,22200,0.02511228621006012,0.0002,414.69
4,22300,0.011976261623203754,0.0002,422.32
4,22400,0.04383450374007225,0.0002,429.95
5,22500,0.0071107433177530766,0.0002,1.05
5,22600,0.03367672115564346,0.0002,8.93
5,22700,0.006435399409383535,0.0002,16.81
5,22800,0.002997733885422349,0.0002,24.7
5,22900,0.014821970835328102,0.0002,32.59
5,23000,0.03310157731175423,0.0002,40.46
5,23100,0.03057272545993328,0.0002,48.36
5,23200,0.017741980031132698,0.0002,56.23
5,23300,0.03953223302960396,0.0002,64.5
5,23400,0.005144662223756313,0.0002,72.54
5,23500,0.020740803331136703,0.0002,80.4
5,23600,0.028236471116542816,0.0002,88.25
5,23700,0.010408813133835793,0.0002,96.12
5,23800,0.011015700176358223,0.0002,103.99
5,23900,0.02778668887913227,0.0002,111.86
5,24000,0.013218045234680176,0.0002,119.72
5,24100,0.0047988626174628735,0.0002,127.59
5,24200,0.014496993273496628,0.0002,135.45
5,24300,0.015030928887426853,0.0002,143.32
5,24400,0.008817864581942558,0.0002,151.17
5,24500,0.008375270292162895,0.0002,159.04
5,24600,0.008429527282714844,0.0002,166.91
5,24700,0.019671976566314697,0.0002,174.77
5,24800,0.04416283965110779,0.0002,182.77
5,24900,0.02760976180434227,0.0002,190.98
5,25000,0.030859746038913727,0.0002,198.63
5,25100,0.00746273435652256,0.0002,206.28
5,25200,0.009248212911188602,0.0002,213.94
5,25300,0.017047761008143425,0.0002,221.58
5,25400,0.03251389041543007,0.0002,229.23
5,25500,0.015801357105374336,0.0002,236.89
5,25600,0.014624394476413727,0.0002,244.54
5,25700,0.010066954419016838,0.0002,252.19
5,25800,0.011324647814035416,0.0002,259.84
5,25900,0.08045756816864014,0.0002,267.49
5,26000,0.018232638016343117,0.0002,275.2
5,26100,0.02028859406709671,0.0002,283.04
5,26200,0.019626855850219727,0.0002,290.83
5,26300,0.08979564905166626,0.0002,298.48
5,26400,0.021491259336471558,0.0002,306.53
5,26500,0.010935566388070583,0.0002,314.48
5,26600,0.02197265811264515,0.0002,322.27
5,26700,0.006506929639726877,0.0002,330.09
5,26800,0.027995135635137558,0.0002,337.92
5,26900,0.022897128015756607,0.0002,345.77
5,27000,0.008761768229305744,0.0002,353.62
5,27100,0.018739530816674232,0.0002,361.47
5,27200,0.032066263258457184,0.0002,369.32
5,27300,0.020728453993797302,0.0002,377.17
5,27400,0.014763844199478626,0.0002,385.02
5,27500,0.03791651502251625,0.0002,392.86
5,27600,0.014265241101384163,0.0002,400.72
5,27700,0.005562975537031889,0.0002,408.58
5,27800,0.03572269529104233,0.0002,416.45
5,27900,0.015612569637596607,0.0002,424.42
5,28000,0.017548251897096634,0.0002,432.54
5,28100,0.011586467735469341,0.0002,440.57
6,28200,0.01631912775337696,0.0002,6.32
6,28300,0.02477879635989666,0.0002,14.22
6,28400,0.04866068810224533,0.0002,22.06
6,28500,0.0318625271320343,0.0002,29.9
6,28600,0.022267546504735947,0.0002,37.79
6,28700,0.01356515847146511,0.0002,45.67
6,28800,0.029183272272348404,0.0002,53.44
6,28900,0.023280877619981766,0.0002,61.1
6,29000,0.025343483313918114,0.0002,68.74
6,29100,0.024319345131516457,0.0002,76.4
6,29200,0.023001238703727722,0.0002,84.05
6,29300,0.0338909775018692,0.0002,91.71
6,29400,0.013410466723144054,0.0002,99.36
6,29500,0.026206808164715767,0.0002,107.41
6,29600,0.012399698607623577,0.0002,115.2
6,29700,0.025342371314764023,0.0002,122.85
6,29800,0.019520165398716927,0.0002,130.65
6,29900,0.025549300014972687,0.0002,138.54
6,30000,0.04026726633310318,0.0002,146.41
6,30100,0.015762079507112503,0.0002,154.29
6,30200,0.026375317946076393,0.0002,162.17
6,30300,0.05183620750904083,0.0002,169.85
6,30400,0.05063830316066742,0.0002,177.5
6,30500,0.006288179662078619,0.0002,185.16
6,30600,0.009669034741818905,0.0002,192.81
6,30700,0.014711292460560799,0.0002,200.47
6,30800,0.010838157497346401,0.0002,208.18
6,30900,0.011283650994300842,0.0002,216.03
6,31000,0.03707992285490036,0.0002,224.12
6,31100,0.015353333204984665,0.0002,232.11
6,31200,0.025686044245958328,0.0002,240.11
6,31300,0.02610066346824169,0.0002,247.94
6,31400,0.0709417462348938,0.0002,255.8
6,31500,0.03627040237188339,0.0002,263.64
6,31600,0.007580590434372425,0.0002,271.47
6,31700,0.004445651546120644,0.0002,279.12
6,31800,0.014995950274169445,0.0002,286.77
6,31900,0.024932753294706345,0.0002,294.41
6,32000,0.026622746139764786,0.0002,302.06
6,32100,0.025655275210738182,0.0002,309.71
6,32200,0.018850713968276978,0.0002,317.36
6,32300,0.021008489653468132,0.0002,325.0
6,32400,0.08354233205318451,0.0002,332.64
6,32500,0.020994629710912704,0.0002,340.43
6,32600,0.005604350473731756,0.0002,348.39
6,32700,0.0217156819999218,0.0002,356.26
6,32800,0.037246234714984894,0.0002,364.26
6,32900,0.025887083262205124,0.0002,372.13
6,33000,0.006174133159220219,0.0002,379.99
6,33100,0.05181547626852989,0.0002,387.86
6,33200,0.03544240817427635,0.0002,395.73
6,33300,0.09399063140153885,0.0002,403.6
6,33400,0.012295486405491829,0.0002,411.47
6,33500,0.07612216472625732,0.0002,419.39
6,33600,0.03267402946949005,0.0002,427.27
6,33700,0.007766712922602892,0.0002,435.13
7,33800,0.019034963101148605,0.0002,4.43
7,33900,0.01593773066997528,0.0002,12.35
7,34000,0.017110619693994522,0.0002,20.26
7,34100,0.03263496235013008,0.0002,28.43
7,34200,0.025194421410560608,0.0002,36.48
7,34300,0.011169345118105412,0.0002,44.52
7,34400,0.01702897623181343,0.0002,52.4
7,34500,0.004269394092261791,0.0002,60.29
7,34600,0.008555819280445576,0.0002,68.18
7,34700,0.04513762891292572,0.0002,76.06
7,34800,0.028463581576943398,0.0002,83.95
7,34900,0.02701300010085106,0.0002,91.81
7,35000,0.02191024459898472,0.0002,99.69
7,35100,0.024140261113643646,0.0002,107.55
7,35200,0.0069041624665260315,0.0002,115.43
7,35300,0.006577607709914446,0.0002,123.32
7,35400,0.0359373539686203,0.0002,131.2
7,35500,0.015072779729962349,0.0002,139.1
7,35600,0.025219332426786423,0.0002,147.13
7,35700,0.025479305535554886,0.0002,155.28
7,35800,0.011831601150333881,0.0002,163.3
7,35900,0.010525830090045929,0.0002,171.18
7,36000,0.013174707069993019,0.0002,179.08
7,36100,0.021001437678933144,0.0002,186.97
7,36200,0.006694660522043705,0.0002,194.86
7,36300,0.03232307359576225,0.0002,202.75
7,36400,0.04304920881986618,0.0002,210.62
7,36500,0.04349032789468765,0.0002,218.5
7,36600,0.06333232671022415,0.0002,226.37
7,36700,0.01427188515663147,0.0002,234.25
7,36800,0.020630795508623123,0.0002,242.12
7,36900,0.012695647776126862,0.0002,250.01
7,37000,0.04591194540262222,0.0002,257.9
7,37100,0.028186295181512833,0.0002,265.79
7,37200,0.00782442931085825,0.0002,273.9
7,37300,0.026608889922499657,0.0002,281.9
7,37400,0.021827982738614082,0.0002,289.92
7,37500,0.02395571395754814,0.0002,297.8
7,37600,0.017791952937841415,0.0002,305.7
7,37700,0.022487672045826912,0.0002,313.59
7,37800,0.038202427327632904,0.0002,321.47
7,37900,0.02244432084262371,0.0002,329.25
7,38000,0.029326345771551132,0.0002,336.9
7,38100,0.014435562305152416,0.0002,344.56
7,38200,0.002235586754977703,0.0002,352.22
7,38300,0.022739559412002563,0.0002,359.89
7,38400,0.032728616148233414,0.0002,367.55
7,38500,0.014565728604793549,0.0002,375.19
7,38600,0.05123412236571312,0.0002,382.84
7,38700,0.016870882362127304,0.0002,390.61
7,38800,0.030607547610998154,0.0002,398.53
7,38900,0.008852498605847359,0.0002,406.2
7,39000,0.015030073933303356,0.0002,413.99
7,39100,0.00877378974109888,0.0002,421.63
7,39200,0.011668174527585506,0.0002,429.43
7,39300,0.024329081177711487,0.0002,437.07
8,39400,0.039921969175338745,0.0002,2.53
8,39500,0.06559846550226212,0.0002,10.41
8,39600,0.022777291014790535,0.0002,18.3
8,39700,0.010807733051478863,0.0002,26.18
8,39800,0.026947274804115295,0.0002,34.07
8,39900,0.021623045206069946,0.0002,41.97
8,40000,0.025769390165805817,0.0002,49.85
8,40100,0.0335669107735157,0.0002,57.73
8,40200,0.04038311541080475,0.0002,65.6
8,40300,0.0066268970258533955,0.0002,73.85
8,40400,0.010153310373425484,0.0002,81.85
8,40500,0.023993993178009987,0.0002,89.72
8,40600,0.013577602803707123,0.0002,97.59
8,40700,0.005662353243678808,0.0002,105.47
8,40800,0.03216683864593506,0.0002,113.37
8,40900,0.01289137452840805,0.0002,121.25
8,41000,0.018878770992159843,0.0002,129.15
8,41100,0.03187008947134018,0.0002,136.98
8,41200,0.014677179045975208,0.0002,144.85
8,41300,0.0039150286465883255,0.0002,152.71
8,41400,0.042679715901613235,0.0002,160.59
8,41500,0.029539087787270546,0.0002,168.49
8,41600,0.023095563054084778,0.0002,176.38
8,41700,0.023151123896241188,0.0002,184.27
8,41800,0.0280959140509367,0.0002,192.42
8,41900,0.01988552138209343,0.0002,200.42
8,42000,0.0209733285009861,0.0002,208.44
8,42100,0.031591109931468964,0.0002,216.33
8,42200,0.02308463305234909,0.0002,224.22
8,42300,0.015308770351111889,0.0002,232.1
8,42400,0.02231559529900551,0.0002,239.97
8,42500,0.028575070202350616,0.0002,247.86
8,42600,0.028941502794623375,0.0002,255.74
8,42700,0.060028064996004105,0.0002,263.64
8,42800,0.020946241915225983,0.0002,271.53
8,42900,0.030401308089494705,0.0002,279.42
8,43000,0.037530913949012756,0.0002,287.29
8,43100,0.0172705240547657,0.0002,295.17
8,43200,0.034381184726953506,0.0002,303.06
8,43300,0.048095811158418655,0.0002,310.95
8,43400,0.018654048442840576,0.0002,318.99
8,43500,0.07912220805883408,0.0002,326.65
8,43600,0.01000968087464571,0.0002,334.42
8,43700,0.010043306276202202,0.0002,342.05
8,43800,0.020640037953853607,0.0002,349.69
8,43900,0.04222096502780914,0.0002,357.33
8,44000,0.007300483528524637,0.0002,364.97
8,44100,0.0146202826872468,0.0002,372.6
8,44200,0.026907170191407204,0.0002,380.23
8,44300,0.024757463485002518,0.0002,387.86
8,44400,0.01456878986209631,0.0002,395.69
8,44500,0.028606221079826355,0.0002,403.35
8,44600,0.009206093847751617,0.0002,410.98
8,44700,0.07205542922019958,0.0002,418.61
8,44800,0.03137413412332535,0.0002,426.26
8,44900,0.021649552509188652,0.0002,434.17
9,45000,0.02743946760892868,0.0002,0.71
9,45100,0.015019482001662254,0.0002,8.58
9,45200,0.028905801475048065,0.0002,16.58
9,45300,0.03350607305765152,0.0002,24.47
9,45400,0.017080597579479218,0.0002,32.35
9,45500,0.015105174854397774,0.0002,40.23
9,45600,0.029287563636898994,0.0002,48.12
9,45700,0.013735816814005375,0.0002,55.99
9,45800,0.017577465623617172,0.0002,63.87
9,45900,0.011419438757002354,0.0002,71.75
9,46000,0.016870995983481407,0.0002,79.63
9,46100,0.02274862304329872,0.0002,87.49
9,46200,0.024363361299037933,0.0002,95.37
9,46300,0.013384522870182991,0.0002,103.23
9,46400,0.006441489793360233,0.0002,111.13
9,46500,0.04725569486618042,0.0002,119.05
9,46600,0.021600419655442238,0.0002,126.7
9,46700,0.012181764468550682,0.0002,134.67
9,46800,0.01679406128823757,0.0002,142.38
9,46900,0.024701151996850967,0.0002,150.02
9,47000,0.028056714683771133,0.0002,157.77
9,47100,0.03733793646097183,0.0002,165.65
9,47200,0.015097498893737793,0.0002,173.52
9,47300,0.0056183068081736565,0.0002,181.42
9,47400,0.018437078222632408,0.0002,189.32
9,47500,0.02983115240931511,0.0002,197.22
9,47600,0.05667298659682274,0.0002,205.04
9,47700,0.01648581773042679,0.0002,212.68
9,47800,0.026707205921411514,0.0002,220.32
9,47900,0.026149801909923553,0.0002,227.96
9,48000,0.011291557922959328,0.0002,235.87
9,48100,0.010696913115680218,0.0002,243.63
9,48200,0.08188100904226303,0.0002,251.27
9,48300,0.00858680997043848,0.0002,259.04
9,48400,0.025105053558945656,0.0002,266.68
9,48500,0.020402226597070694,0.0002,274.32
9,48600,0.01571803167462349,0.0002,281.95
9,48700,0.02134401910007,0.0002,289.58
9,48800,0.05250000208616257,0.0002,297.22
9,48900,0.03161558881402016,0.0002,304.87
9,49000,0.015272659249603748,0.0002,312.74
9,49100,0.062453728169202805,0.0002,320.61
9,49200,0.010005837306380272,0.0002,328.49
9,49300,0.04368072748184204,0.0002,336.36
9,49400,0.023067235946655273,0.0002,344.23
9,49500,0.03647628054022789,0.0002,352.22
9,49600,0.009097365662455559,0.0002,360.36
9,49700,0.01132987067103386,0.0002,368.23
9,49800,0.02598660998046398,0.0002,376.1
9,49900,0.014255340211093426,0.0002,384.11
9,50000,0.02023976668715477,0.0002,391.96
9,50100,0.05945099517703056,0.0002,399.62
9,50200,0.022190537303686142,0.0002,407.25
9,50300,0.010982262901961803,0.0002,414.89
9,50400,0.0451350137591362,0.0002,422.69
9,50500,0.009072684682905674,0.0002,430.31
9,50600,0.019381802529096603,0.0002,437.94
10,50700,0.022590355947613716,0.0002,6.49
10,50800,0.009145309217274189,0.0002,14.14
10,50900,0.0035917391069233418,0.0002,21.79
10,51000,0.005757548846304417,0.0002,29.44
10,51100,0.023392315953969955,0.0002,37.48
10,51200,0.03251489996910095,0.0002,45.13
10,51300,0.011450815945863724,0.0002,52.78
10,51400,0.018933206796646118,0.0002,60.78
10,51500,0.026664776727557182,0.0002,68.68
10,51600,0.026210997253656387,0.0002,76.56
10,51700,0.007170714437961578,0.0002,84.44
10,51800,0.013731837272644043,0.0002,92.32
10,51900,0.04736459627747536,0.0002,100.18
10,52000,0.016600973904132843,0.0002,108.04
10,52100,0.007800986524671316,0.0002,115.89
10,52200,0.02103446237742901,0.0002,123.77
10,52300,0.026743533089756966,0.0002,131.67
10,52400,0.03778349608182907,0.0002,139.44
10,52500,0.044788908213377,0.0002,147.09
10,52600,0.018829740583896637,0.0002,155.0
10,52700,0.014009291306138039,0.0002,162.85
10,52800,0.018902981653809547,0.0002,170.74
10,52900,0.04948527365922928,0.0002,178.62
10,53000,0.005183749832212925,0.0002,186.65
10,53100,0.013193738646805286,0.0002,194.53
10,53200,0.02567628212273121,0.0002,202.41
10,53300,0.03329085186123848,0.0002,210.3
10,53400,0.033650629222393036,0.0002,218.18
10,53500,0.017680887132883072,0.0002,226.07
10,53600,0.012439846992492676,0.0002,233.93
10,53700,0.02114325948059559,0.0002,241.8
10,53800,0.03607867658138275,0.0002,249.68
10,53900,0.014670755714178085,0.0002,257.56
10,54000,0.01203022338449955,0.0002,265.44
10,54100,0.034175992012023926,0.0002,273.3
10,54200,0.014504448510706425,0.0002,281.53
10,54300,0.031347811222076416,0.0002,289.38
10,54400,0.029826492071151733,0.0002,297.23
10,54500,0.0055350870825350285,0.0002,305.09
10,54600,0.03459194302558899,0.0002,313.08
10,54700,0.021531380712985992,0.0002,320.95
10,54800,0.023739386349916458,0.0002,328.8
10,54900,0.01871814765036106,0.0002,336.65
10,55000,0.026082843542099,0.0002,344.49
10,55100,0.03524942323565483,0.0002,352.26
10,55200,0.010258876718580723,0.0002,359.89
10,55300,0.022300802171230316,0.0002,367.54
10,55400,0.01580945774912834,0.0002,375.16
10,55500,0.03975021094083786,0.0002,382.95
10,55600,0.028615038841962814,0.0002,390.79
10,55700,0.0022348465863615274,0.0002,398.72
10,55800,0.03443358093500137,0.0002,406.48
10,55900,0.01190180890262127,0.0002,414.11
10,56000,0.0666111409664154,0.0002,421.73
10,56100,0.01885906606912613,0.0002,429.36
10,56200,0.00629938580095768,0.0002,437.13
11,56300,0.022972602397203445,0.0002,4.79
11,56400,0.026157300919294357,0.0002,12.69
11,56500,0.028207922354340553,0.0002,20.57
11,56600,0.033549919724464417,0.0002,28.21
11,56700,0.02735973335802555,0.0002,35.86
11,56800,0.007781745865941048,0.0002,43.68
11,56900,0.014549454674124718,0.0002,51.56
11,57000,0.03327195346355438,0.0002,59.45
11,57100,0.012243105098605156,0.0002,67.34
11,57200,0.019309714436531067,0.0002,75.23
11,57300,0.010818658396601677,0.0002,83.5
11,57400,0.010499689728021622,0.0002,91.39
11,57500,0.039232246577739716,0.0002,99.26
11,57600,0.015963437035679817,0.0002,107.28
11,57700,0.04362071678042412,0.0002,115.15
11,57800,0.01590980589389801,0.0002,123.04
11,57900,0.055970530956983566,0.0002,130.91
11,58000,0.004096455406397581,0.0002,138.78
11,58100,0.038161471486091614,0.0002,146.65
11,58200,0.028009526431560516,0.0002,154.52
11,58300,0.013790114782750607,0.0002,162.4
11,58400,0.01691782847046852,0.0002,170.27
11,58500,0.03829261288046837,0.0002,178.14
11,58600,0.0745706781744957,0.0002,186.03
11,58700,0.0014770992565900087,0.0002,193.9
11,58800,0.03533916920423508,0.0002,202.05
11,58900,0.03064887411892414,0.0002,210.05
11,59000,0.004406358115375042,0.0002,217.94
11,59100,0.02449248731136322,0.0002,225.82
11,59200,0.02822328545153141,0.0002,233.83
11,59300,0.05708219110965729,0.0002,241.7
11,59400,0.025752026587724686,0.0002,249.57
11,59500,0.021314848214387894,0.0002,257.46
11,59600,0.01927374303340912,0.0002,265.35
11,59700,0.016200531274080276,0.0002,273.25
11,59800,0.009766417555510998,0.0002,281.15
11,59900,0.01678582653403282,0.0002,289.05
11,60000,0.014155080541968346,0.0002,296.93
11,60100,0.028072906658053398,0.0002,304.72
11,60200,0.030092846602201462,0.0002,312.36
11,60300,0.004741617478430271,0.0002,320.01
11,60400,0.018322797492146492,0.0002,328.03
11,60500,0.013385199010372162,0.0002,335.67
11,60600,0.11043419688940048,0.0002,343.32
11,60700,0.023991011083126068,0.0002,351.18
11,60800,0.01081924419850111,0.0002,359.17
11,60900,0.02089673839509487,0.0002,366.82
11,61000,0.02961995266377926,0.0002,374.47
11,61100,0.015873095020651817,0.0002,382.13
11,61200,0.019010696560144424,0.0002,389.79
11,61300,0.011732548475265503,0.0002,397.45
11,61400,0.020240433514118195,0.0002,405.11
11,61500,0.02981308102607727,0.0002,412.75
11,61600,0.0030692119617015123,0.0002,420.43
11,61700,0.005544218234717846,0.0002,428.08
11,61800,0.013554667122662067,0.0002,435.72
12,61900,0.01666281372308731,0.0002,2.98
12,62000,0.022674569860100746,0.0002,10.97
12,62100,0.03422972559928894,0.0002,18.83
12,62200,0.014173895120620728,0.0002,26.72
12,62300,0.045503441244363785,0.0002,34.38
12,62400,0.014408032409846783,0.0002,42.03
12,62500,0.025020508095622063,0.0002,49.69
12,62600,0.004741378128528595,0.0002,57.52
12,62700,0.04816097393631935,0.0002,65.41
12,62800,0.031879909336566925,0.0002,73.3
12,62900,0.012404295615851879,0.0002,81.19
12,63000,0.017930295318365097,0.0002,89.08
12,63100,0.014639041386544704,0.0002,96.95
12,63200,0.006772501394152641,0.0002,104.83
12,63300,0.01392877846956253,0.0002,112.72
12,63400,0.015464108437299728,0.0002,120.72
12,63500,0.02511744014918804,0.0002,128.86
12,63600,0.004181263502687216,0.0002,136.76
12,63700,0.06583105027675629,0.0002,144.76
12,63800,0.01853710226714611,0.0002,152.63
12,63900,0.005630419589579105,0.0002,160.5
12,64000,0.005392615217715502,0.0002,168.38
12,64100,0.023847883567214012,0.0002,176.25
12,64200,0.01558549702167511,0.0002,184.12
12,64300,0.02466277778148651,0.0002,191.99
12,64400,0.019841590896248817,0.0002,199.86
12,64500,0.011800361797213554,0.0002,207.73
12,64600,0.008978964760899544,0.0002,215.61
12,64700,0.03629732131958008,0.0002,223.48
12,64800,0.023355981335043907,0.0002,231.35
12,64900,0.0203230120241642,0.0002,239.22
12,65000,0.027632057666778564,0.0002,247.47
12,65100,0.011867228895425797,0.0002,255.34
12,65200,0.024638347327709198,0.0002,263.21
12,65300,0.010985301807522774,0.0002,271.22
12,65400,0.016322389245033264,0.0002,279.12
12,65500,0.020100802183151245,0.0002,287.01
12,65600,0.04363984614610672,0.0002,294.84
12,65700,0.016106687486171722,0.0002,302.5
12,65800,0.019834456965327263,0.0002,310.17
12,65900,0.02547955885529518,0.0002,317.82
12,66000,0.061291344463825226,0.0002,325.47
12,66100,0.037788476794958115,0.0002,333.14
12,66200,0.023636452853679657,0.0002,341.0
12,66300,0.023783136159181595,0.0002,348.79
12,66400,0.013609367422759533,0.0002,356.43
12,66500,0.022040676325559616,0.0002,364.2
12,66600,0.025406746193766594,0.0002,372.12
12,66700,0.03658738732337952,0.0002,379.78
12,66800,0.0029868511483073235,0.0002,387.45
12,66900,0.03220505639910698,0.0002,395.25
12,67000,0.04426838085055351,0.0002,402.91
12,67100,0.02536545693874359,0.0002,410.58
12,67200,0.055091846734285355,0.0002,418.24
12,67300,0.04199908673763275,0.0002,426.07
12,67400,0.01265251636505127,0.0002,433.96
13,67500,0.009230848401784897,0.0002,0.97
13,67600,0.03514830768108368,0.0002,8.86
13,67700,0.006967436522245407,0.0002,16.76
13,67800,0.018767181783914566,0.0002,24.66
13,67900,0.01168476976454258,0.0002,32.54
13,68000,0.029578378424048424,0.0002,40.42
13,68100,0.015260341577231884,0.0002,48.67
13,68200,0.031003616750240326,0.0002,56.54
13,68300,0.09812547266483307,0.0002,64.41
13,68400,0.01141032762825489,0.0002,72.43
13,68500,0.033940039575099945,0.0002,80.31
13,68600,0.015505312010645866,0.0002,88.18
13,68700,0.028041835874319077,0.0002,95.94
13,68800,0.0182955265045166,0.0002,103.6
13,68900,0.05205357447266579,0.0002,111.26
13,69000,0.011634456925094128,0.0002,118.9
13,69100,0.02955675683915615,0.0002,126.55
13,69200,0.01651882752776146,0.0002,134.2
13,69300,0.007477661594748497,0.0002,141.85
13,69400,0.021458877250552177,0.0002,149.48
13,69500,0.006097846664488316,0.0002,157.11
13,69600,0.03702554479241371,0.0002,164.89
13,69700,0.02798870950937271,0.0002,172.8
13,69800,0.022976312786340714,0.0002,180.45
13,69900,0.02525068260729313,0.0002,188.09
13,70000,0.015307631343603134,0.0002,195.85
13,70100,0.034541815519332886,0.0002,203.48
13,70200,0.011824513785541058,0.0002,211.11
13,70300,0.01638002134859562,0.0002,218.83
13,70400,0.01085047796368599,0.0002,226.72
13,70500,0.011925599537789822,0.0002,234.42
13,70600,0.03511418402194977,0.0002,242.07
13,70700,0.025141406804323196,0.0002,249.72
13,70800,0.016054540872573853,0.0002,257.55
13,70900,0.017195221036672592,0.0002,265.41
13,71000,0.029919393360614777,0.0002,273.29
13,71100,0.008573712781071663,0.0002,281.18
13,71200,0.02042994648218155,0.0002,289.45
13,71300,0.028762437403202057,0.0002,297.34
13,71400,0.05037849396467209,0.0002,305.24
13,71500,0.027101021260023117,0.0002,313.13
13,71600,0.050631068646907806,0.0002,321.14
13,71700,0.008375649340450764,0.0002,329.02
13,71800,0.013547259382903576,0.0002,336.95
13,71900,0.008827893063426018,0.0002,344.83
13,72000,0.012577580288052559,0.0002,352.71
13,72100,0.038535986095666885,0.0002,360.61
13,72200,0.007451132871210575,0.0002,368.5
13,72300,0.021768398582935333,0.0002,376.38
13,72400,0.03659621626138687,0.0002,384.26
13,72500,0.020655011758208275,0.0002,392.15
13,72600,0.021643418818712234,0.0002,400.04
13,72700,0.027356721460819244,0.0002,408.05
13,72800,0.024994224309921265,0.0002,416.2
13,72900,0.017009858042001724,0.0002,424.08
13,73000,0.028878197073936462,0.0002,431.98
13,73100,0.01610637456178665,0.0002,439.86
14,73200,0.03146534413099289,0.0002,6.96
14,73300,0.004292635712772608,0.0002,14.85
14,73400,0.014292141422629356,0.0002,22.74
14,73500,0.01817455142736435,0.0002,30.6
14,73600,0.022344285622239113,0.0002,38.49
14,73700,0.0149028105661273,0.0002,46.29
14,73800,0.02911689132452011,0.0002,53.94
14,73900,0.01144891045987606,0.0002,61.59
14,74000,0.016906829550862312,0.0002,69.24
14,74100,0.020681098103523254,0.0002,76.89
14,74200,0.002804431365802884,0.0002,84.55
14,74300,0.02322724461555481,0.0002,92.58
14,74400,0.0122759360820055,0.0002,100.21
14,74500,0.027711808681488037,0.0002,107.86
14,74600,0.007863212376832962,0.0002,115.51
14,74700,0.0064576356671750546,0.0002,123.15
14,74800,0.004215385299175978,0.0002,130.93
14,74900,0.011097930371761322,0.0002,138.58
14,75000,0.03987835347652435,0.0002,146.23
14,75100,0.016240961849689484,0.0002,153.87
14,75200,0.04095707833766937,0.0002,161.53
14,75300,0.02643633261322975,0.0002,169.16
14,75400,0.015456518158316612,0.0002,176.8
14,75500,0.016800394281744957,0.0002,184.45
14,75600,0.014391817152500153,0.0002,192.1
14,75700,0.019247014075517654,0.0002,199.74
14,75800,0.023914096876978874,0.0002,207.65
14,75900,0.03765753656625748,0.0002,215.68
14,76000,0.07070823758840561,0.0002,223.57
14,76100,0.014793334528803825,0.0002,231.47
14,76200,0.0206203144043684,0.0002,239.32
14,76300,0.0020584810990840197,0.0002,247.32
14,76400,0.01606944389641285,0.0002,255.23
14,76500,0.028148645535111427,0.0002,262.97
14,76600,0.08042265474796295,0.0002,270.62
14,76700,0.017316341400146484,0.0002,278.27
14,76800,0.021868808194994926,0.0002,285.91
14,76900,0.019015586003661156,0.0002,293.53
14,77000,0.012379134073853493,0.0002,301.18
14,77100,0.023046119138598442,0.0002,308.82
14,77200,0.0056018587201833725,0.0002,316.46
14,77300,0.020897207781672478,0.0002,324.11
14,77400,0.030638575553894043,0.0002,332.14
14,77500,0.08575093001127243,0.0002,339.79
14,77600,0.0398968830704689,0.0002,347.42
14,77700,0.014114120975136757,0.0002,355.05
14,77800,0.01985534280538559,0.0002,362.67
14,77900,0.012682361528277397,0.0002,370.45
14,78000,0.00983806885778904,0.0002,378.08
14,78100,0.020474638789892197,0.0002,385.72
14,78200,0.011239842511713505,0.0002,393.34
14,78300,0.06477108597755432,0.0002,400.97
14,78400,0.05242133513092995,0.0002,408.61
14,78500,0.04658133536577225,0.0002,416.24
14,78600,0.004895972553640604,0.0002,423.89
14,78700,0.014240091666579247,0.0002,431.52
15,78800,0.028080306947231293,0.0002,5.06
15,78900,0.00924039538949728,0.0002,13.3
15,79000,0.024757100269198418,0.0002,21.18
15,79100,0.006822039373219013,0.0002,29.06
15,79200,0.01616772636771202,0.0002,36.93
15,79300,0.012583708390593529,0.0002,44.82
15,79400,0.0295652337372303,0.0002,52.7
15,79500,0.03242550045251846,0.0002,60.71
15,79600,0.012139057740569115,0.0002,68.61
15,79700,0.005944539327174425,0.0002,76.49
15,79800,0.03563147410750389,0.0002,84.37
15,79900,0.031062930822372437,0.0002,92.26
15,80000,0.019917506724596024,0.0002,100.15
15,80100,0.006269935518503189,0.0002,108.05
15,80200,0.026387371122837067,0.0002,115.95
15,80300,0.03426095098257065,0.0002,123.84
15,80400,0.03708095848560333,0.0002,131.56
15,80500,0.017701439559459686,0.0002,139.85
15,80600,0.023989006876945496,0.0002,147.76
15,80700,0.025369936600327492,0.0002,155.65
15,80800,0.020392686128616333,0.0002,163.52
15,80900,0.10449503362178802,0.0002,171.4
15,81000,0.010510316118597984,0.0002,179.4
15,81100,0.014725077897310257,0.0002,187.28
15,81200,0.01607055403292179,0.0002,195.17
15,81300,0.0768485814332962,0.0002,203.06
15,81400,0.020768310874700546,0.0002,210.94
15,81500,0.017241939902305603,0.0002,218.82
15,81600,0.04212258756160736,0.0002,226.71
15,81700,0.02826574817299843,0.0002,234.6
15,81800,0.026859169825911522,0.0002,242.5
15,81900,0.021201495081186295,0.0002,250.39
15,82000,0.014612560160458088,0.0002,258.65
15,82100,0.022366659715771675,0.0002,266.52
15,82200,0.0557074099779129,0.0002,274.4
15,82300,0.04389994591474533,0.0002,282.29
15,82400,0.012599189765751362,0.0002,290.18
15,82500,0.020672334358096123,0.0002,298.07
15,82600,0.022266197949647903,0.0002,306.07
15,82700,0.017271604388952255,0.0002,313.94
15,82800,0.031194457784295082,0.0002,321.81
15,82900,0.015336437150835991,0.0002,329.68
15,83000,0.02571866288781166,0.0002,337.55
15,83100,0.03688112273812294,0.0002,345.42
15,83200,0.008576424792408943,0.0002,353.3
15,83300,0.04100124165415764,0.0002,361.17
15,83400,0.04465381056070328,0.0002,369.05
15,83500,0.0351032093167305,0.0002,376.92
15,83600,0.08038593083620071,0.0002,385.18
15,83700,0.01771453209221363,0.0002,393.05
15,83800,0.03176906332373619,0.0002,400.91
15,83900,0.011476538144052029,0.0002,408.77
15,84000,0.016006089746952057,0.0002,416.63
15,84100,0.0026275881100445986,0.0002,424.49
15,84200,0.00427453825250268,0.0002,432.34
15,84300,0.0369986817240715,0.0002,439.97
16,84400,0.007290175650268793,0.0002,4.1
16,84500,0.03774205222725868,0.0002,11.74
16,84600,0.008516205474734306,0.0002,19.43
16,84700,0.03743963688611984,0.0002,27.33
16,84800,0.007127786986529827,0.0002,35.23
16,84900,0.01724695786833763,0.0002,42.99
16,85000,0.04610329493880272,0.0002,50.66
16,85100,0.02693375013768673,0.0002,58.71
16,85200,0.02686937153339386,0.0002,66.54
16,85300,0.031281426548957825,0.0002,74.41
16,85400,0.03652713820338249,0.0002,82.28
16,85500,0.014894768595695496,0.0002,90.16
16,85600,0.009312532842159271,0.0002,98.04
16,85700,0.02540360391139984,0.0002,105.93
16,85800,0.007903901860117912,0.0002,113.95
16,85900,0.031573086977005005,0.0002,121.83
16,86000,0.033364180475473404,0.0002,129.72
16,86100,0.013194385915994644,0.0002,137.61
16,86200,0.024183962494134903,0.0002,145.49
16,86300,0.04163115471601486,0.0002,153.37
16,86400,0.020971370860934258,0.0002,161.24
16,86500,0.016112685203552246,0.0002,169.11
16,86600,0.02752072736620903,0.0002,177.11
16,86700,0.032006245106458664,0.0002,185.23
16,86800,0.005024603568017483,0.0002,192.95
16,86900,0.02957850880920887,0.0002,200.6
16,87000,0.044602587819099426,0.0002,208.35
16,87100,0.027952106669545174,0.0002,216.2
16,87200,0.017892207950353622,0.0002,223.94
16,87300,0.013378703966736794,0.0002,231.96
16,87400,0.020415525883436203,0.0002,239.85
16,87500,0.0169361624866724,0.0002,247.73
16,87600,0.01817077398300171,0.0002,255.63
16,87700,0.015554863959550858,0.0002,263.52
16,87800,0.03763279691338539,0.0002,271.4
16,87900,0.026188325136899948,0.0002,279.28
16,88000,0.05221255123615265,0.0002,287.16
16,88100,0.028514118865132332,0.0002,295.05
16,88200,0.07023462653160095,0.0002,303.32
16,88300,0.019252309575676918,0.0002,311.21
16,88400,0.0023845599498599768,0.0002,319.1
16,88500,0.036491960287094116,0.0002,326.97
16,88600,0.03360561653971672,0.0002,334.85
16,88700,0.028705738484859467,0.0002,342.73
16,88800,0.0541691929101944,0.0002,350.63
16,88900,0.008358730934560299,0.0002,358.57
16,89000,0.029778653755784035,0.0002,366.22
16,89100,0.016086354851722717,0.0002,373.88
16,89200,0.02474859170615673,0.0002,381.54
16,89300,0.006004029884934425,0.0002,389.2
16,89400,0.027230968698859215,0.0002,396.85
16,89500,0.020693741738796234,0.0002,404.51
16,89600,0.021330799907445908,0.0002,412.16
16,89700,0.051905557513237,0.0002,419.94
16,89800,0.006360800936818123,0.0002,427.9
16,89900,0.006131074391305447,0.0002,435.56
17,90000,0.010340189561247826,0.0002,1.26
17,90100,0.0361732542514801,0.0002,9.12
17,90200,0.008911827579140663,0.0002,16.8
17,90300,0.0301181823015213,0.0002,24.44
17,90400,0.019940391182899475,0.0002,32.09
17,90500,0.012891354039311409,0.0002,39.86
17,90600,0.01842053420841694,0.0002,47.49
17,90700,0.013711778447031975,0.0002,55.12
17,90800,0.03323969617486,0.0002,62.75
17,90900,0.024295195937156677,0.0002,70.48
17,91000,0.019027207046747208,0.0002,78.25
17,91100,0.011698239482939243,0.0002,86.08
17,91200,0.037687212228775024,0.0002,93.95
17,91300,0.007994117215275764,0.0002,102.21
17,91400,0.016283465549349785,0.0002,110.07
17,91500,0.011750346049666405,0.0002,117.91
17,91600,0.022432882338762283,0.0002,125.76
17,91700,0.013247476890683174,0.0002,133.6
17,91800,0.014789890497922897,0.0002,141.45
17,91900,0.02283194288611412,0.0002,149.29
17,92000,0.01979890838265419,0.0002,157.26
17,92100,0.022655092179775238,0.0002,165.14
17,92200,0.020856142044067383,0.0002,173.01
17,92300,0.02041025646030903,0.0002,180.88
17,92400,0.023972541093826294,0.0002,188.71
17,92500,0.03813806176185608,0.0002,196.35
17,92600,0.03744594007730484,0.0002,203.98
17,92700,0.023480970412492752,0.0002,211.63
17,92800,0.013305126689374447,0.0002,219.41
17,92900,0.022345537319779396,0.0002,227.32
17,93000,0.013048502616584301,0.0002,234.96
17,93100,0.003826300147920847,0.0002,242.6
17,93200,0.04088129848241806,0.0002,250.25
17,93300,0.0262889601290226,0.0002,257.89
17,93400,0.02224751003086567,0.0002,265.53
17,93500,0.030646637082099915,0.0002,273.17
17,93600,0.029326165094971657,0.0002,280.96
17,93700,0.01898081973195076,0.0002,288.84
17,93800,0.035984840244054794,0.0002,296.71
17,93900,0.008714459836483002,0.0002,304.57
17,94000,0.006117754150182009,0.0002,312.45
17,94100,0.03197937458753586,0.0002,320.23
17,94200,0.024645883589982986,0.0002,328.03
17,94300,0.03224552422761917,0.0002,335.94
17,94400,0.038209713995456696,0.0002,344.22
17,94500,0.015752924606204033,0.0002,352.13
17,94600,0.01578725501894951,0.0002,360.01
17,94700,0.010381000116467476,0.0002,367.89
17,94800,0.015256863087415695,0.0002,375.76
17,94900,0.020698953419923782,0.0002,383.63
17,95000,0.028898142278194427,0.0002,391.5
17,95100,0.0240179430693388,0.0002,399.36
17,95200,0.015375007875263691,0.0002,407.37
17,95300,0.002567451912909746,0.0002,415.24
17,95400,0.0439276397228241,0.0002,423.11
17,95500,0.023278744891285896,0.0002,430.98
17,95600,0.020464234054088593,0.0002,438.84
18,95700,0.023427102714776993,0.0002,7.27
18,95800,0.04101484641432762,0.0002,15.16
18,95900,0.025000570341944695,0.0002,23.28
18,96000,0.011544683016836643,0.0002,31.28
18,96100,0.025975031778216362,0.0002,39.15
18,96200,0.011812172830104828,0.0002,47.01
18,96300,0.008275672793388367,0.0002,54.87
18,96400,0.03134458512067795,0.0002,62.72
18,96500,0.01107892394065857,0.0002,70.56
18,96600,0.022001516073942184,0.0002,78.47
18,96700,0.014187965542078018,0.0002,86.49
18,96800,0.014135364443063736,0.0002,94.37
18,96900,0.03904471918940544,0.0002,102.23
18,97000,0.024991128593683243,0.0002,110.06
18,97100,0.01934807375073433,0.0002,117.85
18,97200,0.030502039939165115,0.0002,125.7
18,97300,0.014221769757568836,0.0002,133.54
18,97400,0.001994549762457609,0.0002,141.37
18,97500,0.015894604846835136,0.0002,149.53
18,97600,0.024930890649557114,0.0002,157.34
18,97700,0.03890866041183472,0.0002,165.13
18,97800,0.026095282286405563,0.0002,173.0
18,97900,0.016672614961862564,0.0002,180.84
18,98000,0.027337945997714996,0.0002,188.7
18,98100,0.011396716348826885,0.0002,196.57
18,98200,0.024919018149375916,0.0002,204.43
18,98300,0.016618458554148674,0.0002,212.43
18,98400,0.006630988791584969,0.0002,220.3
18,98500,0.02986224740743637,0.0002,228.16
18,98600,0.018128007650375366,0.0002,236.03
18,98700,0.03501158952713013,0.0002,243.9
18,98800,0.011972478590905666,0.0002,251.78
18,98900,0.016589786857366562,0.0002,259.63
18,99000,0.022894227877259254,0.0002,267.74
18,99100,0.024607079103589058,0.0002,275.74
18,99200,0.010463974438607693,0.0002,283.61
18,99300,0.021681956946849823,0.0002,291.47
18,99400,0.04767143726348877,0.0002,299.34
18,99500,0.04049287736415863,0.0002,307.22
18,99600,0.018033919855952263,0.0002,315.12
18,99700,0.04067077487707138,0.0002,323.0
18,99800,0.013165941461920738,0.0002,330.88
18,99900,0.036081988364458084,0.0002,338.89
18,100000,0.008874989114701748,0.0002,346.78
18,100100,0.019099362194538116,0.0002,354.53
18,100200,0.0331125408411026,0.0002,362.2
18,100300,0.00922291912138462,0.0002,369.96
18,100400,0.017149118706583977,0.0002,377.78
18,100500,0.008110954426229,0.0002,385.5
18,100600,0.03561269864439964,0.0002,393.57
18,100700,0.02164004184305668,0.0002,401.23
18,100800,0.04545663297176361,0.0002,408.9
18,100900,0.009351835586130619,0.0002,416.57
18,101000,0.02850336581468582,0.0002,424.24
18,101100,0.003039479721337557,0.0002,431.91
18,101200,0.029380055144429207,0.0002,439.58
19,101300,0.06508094072341919,0.0002,5.38
19,101400,0.039183907210826874,0.0002,13.38
19,101500,0.019612405449151993,0.0002,21.27
19,101600,0.015384804457426071,0.0002,29.13
19,101700,0.026033135131001472,0.0002,37.02
19,101800,0.016989432275295258,0.0002,44.91
19,101900,0.02409762516617775,0.0002,52.81
19,102000,0.013235112652182579,0.0002,60.7
19,102100,0.013879670761525631,0.0002,68.99
19,102200,0.006987494882196188,0.0002,76.87
19,102300,0.00937072653323412,0.0002,84.76
19,102400,0.001775901298969984,0.0002,92.64
19,102500,0.03309764340519905,0.0002,100.52
19,102600,0.007975639775395393,0.0002,108.41
19,102700,0.033429354429244995,0.0002,116.26
19,102800,0.019852710887789726,0.0002,124.13
19,102900,0.037717096507549286,0.0002,132.0
19,103000,0.01923295669257641,0.0002,140.02
19,103100,0.02966347709298134,0.0002,147.9
19,103200,0.0018401547567918897,0.0002,155.82
19,103300,0.02431034855544567,0.0002,163.69
19,103400,0.0167656522244215,0.0002,171.55
19,103500,0.03578444570302963,0.0002,179.39
19,103600,0.018041111528873444,0.0002,187.37
19,103700,0.010921225883066654,0.0002,195.46
19,103800,0.016905836760997772,0.0002,203.31
19,103900,0.031401127576828,0.0002,211.16
19,104000,0.03415628522634506,0.0002,219.0
19,104100,0.013316679745912552,0.0002,226.85
19,104200,0.034594736993312836,0.0002,234.69
19,104300,0.00828658975660801,0.0002,242.53
19,104400,0.0196202602237463,0.0002,250.38
19,104500,0.013850905001163483,0.0002,258.36
19,104600,0.049613431096076965,0.0002,266.21
19,104700,0.009392433799803257,0.0002,274.08
19,104800,0.015357629396021366,0.0002,281.99
19,104900,0.020552916452288628,0.0002,289.88
19,105000,0.03229326754808426,0.0002,297.77
19,105100,0.028635509312152863,0.0002,305.61
19,105200,0.025249168276786804,0.0002,313.83
19,105300,0.031467095017433167,0.0002,321.7
19,105400,0.011440476402640343,0.0002,329.57
19,105500,0.00988058652728796,0.0002,337.46
19,105600,0.018401071429252625,0.0002,345.34
19,105700,0.014701508916914463,0.0002,353.22
19,105800,0.009501012042164803,0.0002,361.1
19,105900,0.024258241057395935,0.0002,368.99
19,106000,0.002780120586976409,0.0002,376.86
19,106100,0.03414932265877724,0.0002,384.74
19,106200,0.013525024987757206,0.0002,392.75
19,106300,0.02137720212340355,0.0002,400.62
19,106400,0.02800825610756874,0.0002,408.49
19,106500,0.008361583575606346,0.0002,416.35
19,106600,0.014499414712190628,0.0002,424.22
19,106700,0.02051563933491707,0.0002,432.22
19,106800,0.012595118954777718,0.0002,440.35
20,106900,0.011653218418359756,0.0002,3.5
20,107000,0.028527680784463882,0.0002,11.41
20,107100,0.04882987588644028,0.0002,19.28
20,107200,0.026548955589532852,0.0002,27.16
20,107300,0.0218863133341074,0.0002,35.02
20,107400,0.007265283726155758,0.0002,42.88
20,107500,0.02489890530705452,0.0002,50.74
20,107600,0.06689873337745667,0.0002,58.74
20,107700,0.011771980673074722,0.0002,66.61
20,107800,0.021631624549627304,0.0002,74.31
20,107900,0.016636641696095467,0.0002,81.96
20,108000,0.019333720207214355,0.0002,89.6
20,108100,0.017123395577073097,0.0002,97.24
20,108200,0.050158094614744186,0.0002,104.88
20,108300,0.013402510434389114,0.0002,112.91
20,108400,0.023678891360759735,0.0002,120.55
20,108500,0.04089701548218727,0.0002,128.19
20,108600,0.00585312070325017,0.0002,135.84
20,108700,0.009569905698299408,0.0002,143.48
20,108800,0.06358423829078674,0.0002,151.2
20,108900,0.012436545453965664,0.0002,159.06
20,109000,0.02462248131632805,0.0002,166.92
20,109100,0.015685826539993286,0.0002,174.92
20,109200,0.032073214650154114,0.0002,182.82
20,109300,0.02482820302248001,0.0002,190.72
20,109400,0.0239401925355196,0.0002,198.62
20,109500,0.016304081305861473,0.0002,206.5
20,109600,0.030918780714273453,0.0002,214.38
20,109700,0.019634859636425972,0.0002,222.25
20,109800,0.04845092073082924,0.0002,230.26
20,109900,0.028194474056363106,0.0002,238.42
20,110000,0.025355461984872818,0.0002,246.31
20,110100,0.029724735766649246,0.0002,254.19
20,110200,0.026798970997333527,0.0002,262.07
20,110300,0.005556549411267042,0.0002,269.95
20,110400,0.012684420682489872,0.0002,277.83
20,110500,0.014289644546806812,0.0002,285.72
20,110600,0.002448879648000002,0.0002,293.61
20,110700,0.028537392616271973,0.0002,301.62
20,110800,0.05048535391688347,0.0002,309.51
20,110900,0.02258072979748249,0.0002,317.38
20,111000,0.024022942408919334,0.0002,325.25
20,111100,0.010776271112263203,0.0002,333.14
20,111200,0.012162048369646072,0.0002,341.0
20,111300,0.034864671528339386,0.0002,348.92
20,111400,0.024273227900266647,0.0002,357.18
20,111500,0.03929585963487625,0.0002,365.09
20,111600,0.03487345576286316,0.0002,372.96
20,111700,0.043807029724121094,0.0002,380.83
20,111800,0.007379588205367327,0.0002,388.6
20,111900,0.017670761793851852,0.0002,396.23
20,112000,0.03484172374010086,0.0002,403.87
20,112100,0.027464810758829117,0.0002,411.5
20,112200,0.017586249858140945,0.0002,419.14
20,112300,0.034781888127326965,0.0002,426.91
20,112400,0.03377858176827431,0.0002,434.54
21,112500,0.008726214058697224,0.0002,1.61
21,112600,0.040782004594802856,0.0002,9.5
21,112700,0.02196333557367325,0.0002,17.37
21,112800,0.024070095270872116,0.0002,25.25
21,112900,0.0278819240629673,0.0002,33.51
21,113000,0.03642946109175682,0.0002,41.39
21,113100,0.019023915752768517,0.0002,49.28
21,113200,0.014562880620360374,0.0002,57.15
21,113300,0.012381020933389664,0.0002,65.04
21,113400,0.02283979207277298,0.0002,72.94
21,113500,0.036092352122068405,0.0002,80.84
21,113600,0.01668776385486126,0.0002,88.72
21,113700,0.004597834311425686,0.0002,96.74
21,113800,0.030404258519411087,0.0002,104.63
21,113900,0.01895299181342125,0.0002,112.53
21,114000,0.012402636930346489,0.0002,120.44
21,114100,0.03492779657244682,0.0002,128.34
21,114200,0.011008726432919502,0.0002,136.21
21,114300,0.005012635141611099,0.0002,144.08
21,114400,0.028461778536438942,0.0002,152.08
21,114500,0.0394652895629406,0.0002,160.1
21,114600,0.029016442596912384,0.0002,167.97
21,114700,0.026524856686592102,0.0002,175.84
21,114800,0.017777953296899796,0.0002,183.71
21,114900,0.01082991436123848,0.0002,191.57
21,115000,0.009764254093170166,0.0002,199.44
21,115100,0.08259408921003342,0.0002,207.33
21,115200,0.029541637748479843,0.0002,215.23
21,115300,0.012272646650671959,0.0002,223.25
21,115400,0.0065155066549777985,0.0002,231.12
21,115500,0.03978537395596504,0.0002,239.0
21,115600,0.01704970747232437,0.0002,246.9
21,115700,0.03034963458776474,0.0002,254.79
21,115800,0.011728087440133095,0.0002,262.67
21,115900,0.028467338532209396,0.0002,270.47
21,116000,0.023460492491722107,0.0002,278.4
21,116100,0.016274984925985336,0.0002,286.06
21,116200,0.037448588758707047,0.0002,293.73
21,116300,0.037782713770866394,0.0002,301.4
21,116400,0.024372583255171776,0.0002,309.07
21,116500,0.027250884100794792,0.0002,316.73
21,116600,0.01584201119840145,0.0002,324.39
21,116700,0.03453715890645981,0.0002,332.05
21,116800,0.029514528810977936,0.0002,339.7
21,116900,0.00411628233268857,0.0002,347.49
21,117000,0.01474449597299099,0.0002,355.14
21,117100,0.012761238031089306,0.0002,362.78
21,117200,0.040134623646736145,0.0002,370.43
21,117300,0.032055895775556564,0.0002,378.08
21,117400,0.019025787711143494,0.0002,385.74
21,117500,0.008720298297703266,0.0002,393.5
21,117600,0.01976466365158558,0.0002,401.29
21,117700,0.00754351494833827,0.0002,408.95
21,117800,0.031256258487701416,0.0002,416.6
21,117900,0.03575978800654411,0.0002,424.25
21,118000,0.03860226273536682,0.0002,431.91
21,118100,0.021970460191369057,0.0002,439.55
22,118200,0.011952200904488564,0.0002,7.6
22,118300,0.011641444638371468,0.0002,15.5
22,118400,0.008082195185124874,0.0002,23.52
22,118500,0.017544366419315338,0.0002,31.41
22,118600,0.03891554847359657,0.0002,39.29
22,118700,0.01425771415233612,0.0002,47.17
22,118800,0.025584589689970016,0.0002,55.05
22,118900,0.011233092285692692,0.0002,62.93
22,119000,0.03233759477734566,0.0002,70.83
22,119100,0.02525755949318409,0.0002,79.11
22,119200,0.013014184311032295,0.0002,87.0
22,119300,0.02666948363184929,0.0002,94.89
22,119400,0.008635545149445534,0.0002,102.7
22,119500,0.007429739460349083,0.0002,110.35
22,119600,0.03057301789522171,0.0002,118.0
22,119700,0.008590037003159523,0.0002,125.65
22,119800,0.02268790453672409,0.0002,133.29
22,119900,0.029564373195171356,0.0002,141.08
22,120000,0.0031346711330115795,0.0002,148.72
22,120100,0.02902859076857567,0.0002,156.37
22,120200,0.016302011907100677,0.0002,164.02
22,120300,0.035029128193855286,0.0002,171.66
22,120400,0.0319894514977932,0.0002,179.31
22,120500,0.020202331244945526,0.0002,186.95
22,120600,0.0043608746491372585,0.0002,194.73
22,120700,0.021801810711622238,0.0002,202.63
22,120800,0.054939381778240204,0.0002,210.28
22,120900,0.0392276830971241,0.0002,217.92
22,121000,0.011845842935144901,0.0002,225.56
22,121100,0.011276488192379475,0.0002,233.21
22,121200,0.022062061354517937,0.0002,240.85
22,121300,0.056763216853141785,0.0002,248.5
22,121400,0.02765495516359806,0.0002,256.16
22,121500,0.015551737509667873,0.0002,264.01
22,121600,0.04467328265309334,0.0002,271.88
22,121700,0.01411355659365654,0.0002,279.75
22,121800,0.01650903932750225,0.0002,287.63
22,121900,0.022537367418408394,0.0002,295.5
22,122000,0.015842799097299576,0.0002,303.37
22,122100,0.03062039241194725,0.0002,311.24
22,122200,0.013144474476575851,0.0002,319.49
22,122300,0.0039572580717504025,0.0002,327.35
22,122400,0.01376205962151289,0.0002,335.21
22,122500,0.015724003314971924,0.0002,343.08
22,122600,0.06107201427221298,0.0002,350.97
22,122700,0.025841576978564262,0.0002,358.86
22,122800,0.028080113232135773,0.0002,366.53
22,122900,0.02058800309896469,0.0002,374.17
22,123000,0.004927950911223888,0.0002,381.81
22,123100,0.04607434570789337,0.0002,389.59
22,123200,0.03317544236779213,0.0002,397.38
22,123300,0.06513398140668869,0.0002,405.02
22,123400,0.018970027565956116,0.0002,412.67
22,123500,0.020084941759705544,0.0002,420.31
22,123600,0.011656445451080799,0.0002,428.16
22,123700,0.027658332139253616,0.0002,436.08
23,123800,0.008832927793264389,0.0002,7.02
23,123900,0.051781296730041504,0.0002,14.88
23,124000,0.020764898508787155,0.0002,22.74
23,124100,0.00896857026964426,0.0002,30.6
23,124200,0.014934197999536991,0.0002,38.46
23,124300,0.020664449781179428,0.0002,46.33
23,124400,0.01750789023935795,0.0002,54.19
23,124500,0.007885711267590523,0.0002,61.86
23,124600,0.03382791578769684,0.0002,69.64
23,124700,0.03215165436267853,0.0002,77.62
23,124800,0.03115183860063553,0.0002,85.5
23,124900,0.025318779051303864,0.0002,93.38
23,125000,0.0048943692818284035,0.0002,101.26
23,125100,0.025958314538002014,0.0002,109.15
23,125200,0.01907891035079956,0.0002,117.02
23,125300,0.02191133238375187,0.0002,125.29
23,125400,0.03672733157873154,0.0002,133.16
23,125500,0.012952606193721294,0.0002,141.04
23,125600,0.015787653625011444,0.0002,148.91
23,125700,0.03846894949674606,0.0002,156.79
23,125800,0.023981265723705292,0.0002,164.67
23,125900,0.01873689517378807,0.0002,172.55
23,126000,0.009892777539789677,0.0002,180.36
23,126100,0.046962540596723557,0.0002,188.03
23,126200,0.021268928423523903,0.0002,195.82
23,126300,0.060352109372615814,0.0002,203.46
23,126400,0.04750054329633713,0.0002,211.12
23,126500,0.031108219176530838,0.0002,218.77
23,126600,0.02189808152616024,0.0002,226.41
23,126700,0.020307062193751335,0.0002,234.06
23,126800,0.04462519288063049,0.0002,242.1
23,126900,0.027808314189314842,0.0002,249.77
23,127000,0.011590571142733097,0.0002,257.44
23,127100,0.027575980871915817,0.0002,265.09
23,127200,0.04907655715942383,0.0002,272.73
23,127300,0.047174278646707535,0.0002,280.38
23,127400,0.008824021555483341,0.0002,288.01
23,127500,0.026070911437273026,0.0002,295.66
23,127600,0.03920586034655571,0.0002,303.3
23,127700,0.009624072350561619,0.0002,310.95
23,127800,0.05285043641924858,0.0002,318.74
23,127900,0.010291572660207748,0.0002,326.39
23,128000,0.009240671992301941,0.0002,334.04
23,128100,0.02316545695066452,0.0002,341.69
23,128200,0.016008978709578514,0.0002,349.33
23,128300,0.01628711447119713,0.0002,356.98
23,128400,0.03880057483911514,0.0002,365.22
23,128500,0.010411551222205162,0.0002,373.06
23,128600,0.015412148088216782,0.0002,380.92
23,128700,0.01022312231361866,0.0002,388.8
23,128800,0.02623722329735756,0.0002,396.68
23,128900,0.013505285605788231,0.0002,404.56
23,129000,0.028467779979109764,0.0002,412.43
23,129100,0.027913779020309448,0.0002,420.31
23,129200,0.0221507977694273,0.0002,428.19
23,129300,0.020918432623147964,0.0002,436.08
24,129400,0.05171789973974228,0.0002,3.81
24,129500,0.025870714336633682,0.0002,11.68
24,129600,0.022338002920150757,0.0002,19.54
24,129700,0.02009354904294014,0.0002,27.4
24,129800,0.028705056756734848,0.0002,35.28
24,129900,0.006270607467740774,0.0002,43.53
24,130000,0.021562622860074043,0.0002,51.42
24,130100,0.04673464968800545,0.0002,59.3
24,130200,0.024217158555984497,0.0002,67.17
24,130300,0.012119580991566181,0.0002,75.04
24,130400,0.021944625303149223,0.0002,82.9
24,130500,0.0295400470495224,0.0002,90.78
24,130600,0.01837930642068386,0.0002,98.65
24,130700,0.005781811196357012,0.0002,106.53
24,130800,0.027470674365758896,0.0002,114.4
24,130900,0.06683003157377243,0.0002,122.27
24,131000,0.012168456800282001,0.0002,130.27
24,131100,0.013453861698508263,0.0002,138.17
24,131200,0.014847274869680405,0.0002,146.05
24,131300,0.013201523572206497,0.0002,153.96
24,131400,0.037660907953977585,0.0002,161.96
24,131500,0.039516713470220566,0.0002,170.11
24,131600,0.018964026123285294,0.0002,177.99
24,131700,0.014717182144522667,0.0002,185.88
24,131800,0.023003652691841125,0.0002,193.78
24,131900,0.010202307254076004,0.0002,201.66
24,132000,0.013871928676962852,0.0002,209.55
24,132100,0.036622289568185806,0.0002,217.43
24,132200,0.0639498308300972,0.0002,225.31
24,132300,0.029670925810933113,0.0002,233.19
24,132400,0.0915072038769722,0.0002,241.07
24,132500,0.057845812290906906,0.0002,248.95
24,132600,0.049717023968696594,0.0002,256.86
24,132700,0.017133351415395737,0.0002,264.49
24,132800,0.010391537100076675,0.0002,272.12
24,132900,0.0040191709995269775,0.0002,279.74
24,133000,0.012357844971120358,0.0002,287.77
24,133100,0.026700876653194427,0.0002,295.39
24,133200,0.02439691685140133,0.0002,303.03
24,133300,0.01000279001891613,0.0002,310.67
24,133400,0.033546268939971924,0.0002,318.31
24,133500,0.04104536026716232,0.0002,325.95
24,133600,0.04468153417110443,0.0002,333.65
24,133700,0.012891331687569618,0.0002,341.3
24,133800,0.006400248501449823,0.0002,348.94
24,133900,0.026185985654592514,0.0002,356.58
24,134000,0.029116515070199966,0.0002,364.22
24,134100,0.03513239696621895,0.0002,371.86
24,134200,0.021671270951628685,0.0002,379.64
24,134300,0.016637759283185005,0.0002,387.53
24,134400,0.04976246505975723,0.0002,395.41
24,134500,0.01876559481024742,0.0002,403.41
24,134600,0.018681585788726807,0.0002,411.54
24,134700,0.016675293445587158,0.0002,419.42
24,134800,0.00625702366232872,0.0002,427.3
24,134900,0.028881654143333435,0.0002,434.92
25,135000,0.03287973627448082,0.0002,3.47
25,135100,0.01283233892172575,0.0002,11.34
25,135200,0.011115767061710358,0.0002,19.21
25,135300,0.013630848377943039,0.0002,27.08
25,135400,0.019699743017554283,0.0002,34.97
25,135500,0.02010512538254261,0.0002,42.85
25,135600,0.03001537173986435,0.0002,50.71
25,135700,0.01747063919901848,0.0002,58.58
25,135800,0.002887222683057189,0.0002,66.59
25,135900,0.025145528838038445,0.0002,74.47
25,136000,0.02467723935842514,0.0002,82.34
25,136100,0.019101282581686974,0.0002,90.47
25,136200,0.01839529164135456,0.0002,98.14
25,136300,0.030012303963303566,0.0002,106.01
25,136400,0.023203955963253975,0.0002,113.76
25,136500,0.01736709661781788,0.0002,121.39
25,136600,0.022970613092184067,0.0002,129.02
25,136700,0.04144859313964844,0.0002,136.66
25,136800,0.03360665217041969,0.0002,144.3
25,136900,0.028023045510053635,0.0002,151.94
25,137000,0.06011495739221573,0.0002,159.58
25,137100,0.010477928444743156,0.0002,167.21
25,137200,0.015433297492563725,0.0002,174.86
25,137300,0.007290218956768513,0.0002,182.63
25,137400,0.013591181486845016,0.0002,190.28
25,137500,0.012822818011045456,0.0002,197.92
25,137600,0.02130914479494095,0.0002,205.97
25,137700,0.010006986558437347,0.0002,213.61
25,137800,0.028632743284106255,0.0002,221.26
25,137900,0.013088809326291084,0.0002,228.92
25,138000,0.036556676030159,0.0002,236.57
25,138100,0.027433298528194427,0.0002,244.22
25,138200,0.024575326591730118,0.0002,251.87
25,138300,0.016401320695877075,0.0002,259.52
25,138400,0.02558700181543827,0.0002,267.18
25,138500,0.02065092697739601,0.0002,274.84
25,138600,0.031656064093112946,0.0002,282.49
25,138700,0.04769223928451538,0.0002,290.15
25,138800,0.024079514667391777,0.0002,297.8
25,138900,0.0316963866353035,0.0002,305.59
25,139000,0.0023342943750321865,0.0002,313.22
25,139100,0.029281020164489746,0.0002,320.87
25,139200,0.017750220373272896,0.0002,328.9
25,139300,0.011037284508347511,0.0002,336.55
25,139400,0.02767939120531082,0.0002,344.2
25,139500,0.010436227545142174,0.0002,351.85
25,139600,0.012400313280522823,0.0002,359.5
25,139700,0.01454149466007948,0.0002,367.15
25,139800,0.011339826509356499,0.0002,374.8
25,139900,0.015824757516384125,0.0002,382.5
25,140000,0.011705517768859863,0.0002,390.38
25,140100,0.02803761512041092,0.0002,398.27
25,140200,0.018683740869164467,0.0002,406.17
25,140300,0.014630166813731194,0.0002,413.93
25,140400,0.029088597744703293,0.0002,421.57
25,140500,0.018704086542129517,0.0002,429.2
25,140600,0.018681656569242477,0.0002,437.13
26,140700,0.0062590595334768295,0.0002,8.28
26,140800,0.005326565820723772,0.0002,16.16
26,140900,0.025068609043955803,0.0002,23.92
26,141000,0.012140887789428234,0.0002,31.57
26,141100,0.038008734583854675,0.0002,39.23
26,141200,0.006179832387715578,0.0002,46.87
26,141300,0.034930821508169174,0.0002,54.62
26,141400,0.06645242124795914,0.0002,62.53
26,141500,0.04419689625501633,0.0002,70.39
26,141600,0.019710905849933624,0.0002,78.3
26,141700,0.0013712476938962936,0.0002,86.17
26,141800,0.021257523447275162,0.0002,94.04
26,141900,0.03086353838443756,0.0002,101.92
26,142000,0.010803712531924248,0.0002,109.81
26,142100,0.02919709123671055,0.0002,117.83
26,142200,0.021048706024885178,0.0002,125.7
26,142300,0.009973051026463509,0.0002,133.97
26,142400,0.02387072704732418,0.0002,141.86
26,142500,0.02758299559354782,0.0002,149.74
26,142600,0.03365658223628998,0.0002,157.63
26,142700,0.04676523059606552,0.0002,165.51
26,142800,0.014021319337189198,0.0002,173.39
26,142900,0.026100195944309235,0.0002,181.29
26,143000,0.015438642352819443,0.0002,189.18
26,143100,0.01386833656579256,0.0002,197.06
26,143200,0.007292521186172962,0.0002,204.95
26,143300,0.013511601835489273,0.0002,212.83
26,143400,0.02701822854578495,0.0002,220.72
26,143500,0.02721695974469185,0.0002,228.61
26,143600,0.04268674552440643,0.0002,236.62
26,143700,0.01721961796283722,0.0002,244.49
26,143800,0.011619667522609234,0.0002,252.75
26,143900,0.0036467709578573704,0.0002,260.6
26,144000,0.004872685298323631,0.0002,268.47
26,144100,0.02347402833402157,0.0002,276.34
26,144200,0.05177443474531174,0.0002,284.21
26,144300,0.007457922212779522,0.0002,292.08
26,144400,0.01345116551965475,0.0002,299.96
26,144500,0.0027142358012497425,0.0002,307.84
26,144600,0.008400937542319298,0.0002,315.71
26,144700,0.026834988966584206,0.0002,323.59
26,144800,0.03161468729376793,0.0002,331.47
26,144900,0.022299904376268387,0.0002,339.34
26,145000,0.025432664901018143,0.0002,347.22
26,145100,0.013974606990814209,0.0002,355.09
26,145200,0.019158141687512398,0.0002,363.11
26,145300,0.04348962754011154,0.0002,371.11
26,145400,0.00759775610640645,0.0002,379.24
26,145500,0.02031606435775757,0.0002,386.96
26,145600,0.03007025085389614,0.0002,394.58
26,145700,0.012314374558627605,0.0002,402.22
26,145800,0.006299743428826332,0.0002,409.86
26,145900,0.010108308866620064,0.0002,417.49
26,146000,0.011100508272647858,0.0002,425.19
26,146100,0.011463914066553116,0.0002,433.04
26,146200,0.01639494113624096,0.0002,440.84
27,146300,0.016886547207832336,0.0002,8.72
27,146400,0.006802646908909082,0.0002,16.59
27,146500,0.027997024357318878,0.0002,24.46
27,146600,0.0264741163700819,0.0002,32.34
27,146700,0.02461659535765648,0.0002,40.21
27,146800,0.020886816084384918,0.0002,48.22
27,146900,0.042428165674209595,0.0002,56.41
27,147000,0.006109483540058136,0.0002,64.29
27,147100,0.032248057425022125,0.0002,72.17
27,147200,0.011781604960560799,0.0002,80.05
27,147300,0.03344421088695526,0.0002,87.94
27,147400,0.019173117354512215,0.0002,95.8
27,147500,0.050611093640327454,0.0002,103.64
27,147600,0.025484256446361542,0.0002,111.27
27,147700,0.00722426176071167,0.0002,118.9
27,147800,0.007575671654194593,0.0002,126.53
27,147900,0.031175924465060234,0.0002,134.17
27,148000,0.02366691268980503,0.0002,141.8
27,148100,0.005456002429127693,0.0002,149.44
27,148200,0.00540920440107584,0.0002,157.22
27,148300,0.020865576341748238,0.0002,165.08
27,148400,0.06000107154250145,0.0002,173.2
27,148500,0.011041879653930664,0.0002,181.35
27,148600,0.009391171857714653,0.0002,189.22
27,148700,0.04118676856160164,0.0002,197.07
27,148800,0.018344197422266006,0.0002,204.94
27,148900,0.00832278374582529,0.0002,212.79
27,149000,0.025962181389331818,0.0002,220.63
27,149100,0.035186804831027985,0.0002,228.49
27,149200,0.004283913876861334,0.0002,236.36
27,149300,0.003670960431918502,0.0002,244.23
27,149400,0.007437452673912048,0.0002,252.1
27,149500,0.020189661532640457,0.0002,259.97
27,149600,0.022918449714779854,0.0002,267.82
27,149700,0.023833882063627243,0.0002,275.67
27,149800,0.023192651569843292,0.0002,283.53
27,149900,0.023999985307455063,0.0002,291.52
27,150000,0.050368472933769226,0.0002,299.75
27,150100,0.02874099649488926,0.0002,307.59
27,150200,0.04553554579615593,0.0002,315.44
27,150300,0.02149515226483345,0.0002,323.29
27,150400,0.07418042421340942,0.0002,331.14
27,150500,0.04450836032629013,0.0002,338.98
27,150600,0.020043067634105682,0.0002,346.86
27,150700,0.029332201927900314,0.0002,354.73
27,150800,0.018583210185170174,0.0002,362.47
27,150900,0.03290899842977524,0.0002,370.11
27,151000,0.01340085081756115,0.0002,377.96
27,151100,0.01752239093184471,0.0002,385.82
27,151200,0.01168813556432724,0.0002,393.68
27,151300,0.034704748541116714,0.0002,401.54
27,151400,0.03064141608774662,0.0002,409.4
27,151500,0.0233555119484663,0.0002,417.38
27,151600,0.02280636876821518,0.0002,425.49
27,151700,0.028424546122550964,0.0002,433.34
27,151800,0.04490827023983002,0.0002,441.19
28,151900,0.021297074854373932,0.0002,4.12
28,152000,0.007980264723300934,0.0002,12.0
28,152100,0.02515507861971855,0.0002,19.89
28,152200,0.03327469900250435,0.0002,27.77
28,152300,0.00332481786608696,0.0002,35.67
28,152400,0.022765956819057465,0.0002,43.57
28,152500,0.026370014995336533,0.0002,51.46
28,152600,0.02535020373761654,0.0002,59.36
28,152700,0.010998765006661415,0.0002,67.24
28,152800,0.014086835086345673,0.0002,75.11
28,152900,0.01438161451369524,0.0002,82.99
28,153000,0.035368479788303375,0.0002,90.86
28,153100,0.05827039107680321,0.0002,99.26
28,153200,0.02369099110364914,0.0002,107.13
28,153300,0.027062635868787766,0.0002,115.02
28,153400,0.029269104823470116,0.0002,122.91
28,153500,0.013873543590307236,0.0002,130.79
28,153600,0.007880836725234985,0.0002,138.56
28,153700,0.00984490942209959,0.0002,146.23
28,153800,0.028191635385155678,0.0002,153.88
28,153900,0.02979281172156334,0.0002,161.54
28,154000,0.008822719566524029,0.0002,169.2
28,154100,0.03234510496258736,0.0002,176.86
28,154200,0.05860581994056702,0.0002,184.52
28,154300,0.011493386700749397,0.0002,192.18
28,154400,0.009731128811836243,0.0002,199.83
28,154500,0.012010936625301838,0.0002,207.47
28,154600,0.01710536889731884,0.0002,215.24
28,154700,0.015947747975587845,0.0002,223.29
28,154800,0.008170042186975479,0.0002,230.93
28,154900,0.014263221994042397,0.0002,238.57
28,155000,0.02074425294995308,0.0002,246.21
28,155100,0.01620788499712944,0.0002,253.85
28,155200,0.029345417395234108,0.0002,261.49
28,155300,0.00482918368652463,0.0002,269.13
28,155400,0.008697349578142166,0.0002,276.77
28,155500,0.017656415700912476,0.0002,284.41
28,155600,0.01567627675831318,0.0002,292.05
28,155700,0.020950354635715485,0.0002,299.69
28,155800,0.025773901492357254,0.0002,307.33
28,155900,0.03306698799133301,0.0002,314.98
28,156000,0.026972441002726555,0.0002,322.62
28,156100,0.015374249778687954,0.0002,330.25
28,156200,0.03517141938209534,0.0002,338.29
28,156300,0.02692425437271595,0.0002,346.07
28,156400,0.06711012125015259,0.0002,353.71
28,156500,0.040380384773015976,0.0002,361.36
28,156600,0.016127068549394608,0.0002,369.0
28,156700,0.02482200227677822,0.0002,376.65
28,156800,0.025155160576105118,0.0002,384.3
28,156900,0.0177496075630188,0.0002,391.94
28,157000,0.015534073114395142,0.0002,399.59
28,157100,0.013061369769275188,0.0002,407.25
28,157200,0.024516278877854347,0.0002,414.9
28,157300,0.023574169725179672,0.0002,422.55
28,157400,0.02974046766757965,0.0002,430.18
29,157500,0.019566215574741364,0.0002,2.15
29,157600,0.01571468636393547,0.0002,9.83
29,157700,0.026742883026599884,0.0002,17.75
29,157800,0.03413664177060127,0.0002,25.68
29,157900,0.02576710656285286,0.0002,33.34
29,158000,0.00917416624724865,0.0002,41.0
29,158100,0.020480439066886902,0.0002,48.66
29,158200,0.007128490600734949,0.0002,56.32
29,158300,0.012321177870035172,0.0002,63.98
29,158400,0.015473442152142525,0.0002,71.65
29,158500,0.007031948305666447,0.0002,79.33
29,158600,0.01809041015803814,0.0002,86.99
29,158700,0.0019077756442129612,0.0002,94.65
29,158800,0.010566692799329758,0.0002,102.31
29,158900,0.018579162657260895,0.0002,109.97
29,159000,0.01868334598839283,0.0002,117.63
29,159100,0.008086147718131542,0.0002,125.3
29,159200,0.043902188539505005,0.0002,133.09
29,159300,0.019832180812954903,0.0002,141.04
29,159400,0.03043251857161522,0.0002,148.85
29,159500,0.05153132975101471,0.0002,156.51
29,159600,0.021456453949213028,0.0002,164.17
29,159700,0.0070295510813593864,0.0002,171.83
29,159800,0.041178785264492035,0.0002,179.52
29,159900,0.036698855459690094,0.0002,187.41
29,160000,0.0160426776856184,0.0002,195.31
29,160100,0.026751574128866196,0.0002,203.21
29,160200,0.005730903707444668,0.0002,211.07
29,160300,0.03746824711561203,0.0002,218.92
29,160400,0.05013400688767433,0.0002,226.8
29,160500,0.02093052864074707,0.0002,234.7
29,160600,0.010101111605763435,0.0002,242.58
29,160700,0.0236589927226305,0.0002,250.47
29,160800,0.008123346604406834,0.0002,258.61
29,160900,0.08337850868701935,0.0002,266.64
29,161000,0.01803234964609146,0.0002,274.65
29,161100,0.01869983971118927,0.0002,282.52
29,161200,0.009579882957041264,0.0002,290.38
29,161300,0.022576112300157547,0.0002,298.14
29,161400,0.03622308745980263,0.0002,305.82
29,161500,0.020654210820794106,0.0002,313.49
29,161600,0.052662789821624756,0.0002,321.16
29,161700,0.044022321701049805,0.0002,329.0
29,161800,0.021102285012602806,0.0002,336.86
29,161900,0.04740149900317192,0.0002,344.62
29,162000,0.010411353781819344,0.0002,352.28
29,162100,0.05061504989862442,0.0002,359.93
29,162200,0.015933234244585037,0.0002,367.6
29,162300,0.01183277927339077,0.0002,375.52
29,162400,0.0067374082282185555,0.0002,383.66
29,162500,0.017604447901248932,0.0002,391.53
29,162600,0.007132434286177158,0.0002,399.54
29,162700,0.03022482432425022,0.0002,407.39
29,162800,0.0334894061088562,0.0002,415.02
29,162900,0.014239591546356678,0.0002,422.64
29,163000,0.013445914722979069,0.0002,430.26
30,163100,0.030217016115784645,0.0002,0.32
30,163200,0.030575942248106003,0.0002,7.95
30,163300,0.019646426662802696,0.0002,15.77
30,163400,0.06000488996505737,0.0002,23.64
30,163500,0.029554087668657303,0.0002,31.51
30,163600,0.0312618650496006,0.0002,39.39
30,163700,0.021395578980445862,0.0002,47.24
30,163800,0.024106841534376144,0.0002,55.11
30,163900,0.05362290143966675,0.0002,63.36
30,164000,0.022147439420223236,0.0002,71.23
30,164100,0.017295679077506065,0.0002,79.1
30,164200,0.035659097135066986,0.0002,87.1
30,164300,0.019939612597227097,0.0002,94.98
30,164400,0.029598526656627655,0.0002,102.85
30,164500,0.03018125519156456,0.0002,110.73
30,164600,0.03212212026119232,0.0002,118.61
30,164700,0.018335741013288498,0.0002,126.49
30,164800,0.007835454307496548,0.0002,134.37
30,164900,0.004425747320055962,0.0002,142.25
30,165000,0.013843502849340439,0.0002,150.14
30,165100,0.04114435240626335,0.0002,158.01
30,165200,0.032622601836919785,0.0002,165.88
30,165300,0.004863272421061993,0.0002,173.74
30,165400,0.015888573601841927,0.0002,181.5
30,165500,0.06801838427782059,0.0002,189.39
30,165600,0.021483520045876503,0.0002,197.03
30,165700,0.008680560626089573,0.0002,204.8
30,165800,0.0038899434730410576,0.0002,212.43
30,165900,0.018801381811499596,0.0002,220.21
30,166000,0.031176235526800156,0.0002,228.09
30,166100,0.001999508123844862,0.0002,235.94
30,166200,0.0056671504862606525,0.0002,243.78
30,166300,0.030639490112662315,0.0002,251.64
30,166400,0.04161303862929344,0.0002,259.49
30,166500,0.02230081334710121,0.0002,267.35
30,166600,0.009574294090270996,0.0002,275.19
30,166700,0.029993660748004913,0.0002,283.06
30,166800,0.033459316939115524,0.0002,290.91
30,166900,0.08472009748220444,0.0002,298.77
30,167000,0.04868689179420471,0.0002,307.0
30,167100,0.03096090257167816,0.0002,314.83
30,167200,0.004831004422158003,0.0002,322.69
30,167300,0.011601374484598637,0.0002,330.69
30,167400,0.010691117495298386,0.0002,338.56
30,167500,0.03311312571167946,0.0002,346.41
30,167600,0.03375890478491783,0.0002,354.27
30,167700,0.025400543585419655,0.0002,362.04
30,167800,0.014699775725603104,0.0002,369.67
30,167900,0.012963193468749523,0.0002,377.3
30,168000,0.011340077966451645,0.0002,384.93
30,168100,0.009720233269035816,0.0002,392.57
30,168200,0.013555023819208145,0.0002,400.2
30,168300,0.013357660733163357,0.0002,407.84
30,168400,0.013245709240436554,0.0002,415.47
30,168500,0.012149491347372532,0.0002,423.24
30,168600,0.020003076642751694,0.0002,431.2
30,168700,0.050061583518981934,0.0002,439.05
31,168800,0.055443793535232544,0.0002,6.45
31,168900,0.013083942234516144,0.0002,14.32
31,169000,0.03780464828014374,0.0002,22.2
31,169100,0.0148086529225111,0.0002,29.86
31,169200,0.058156512677669525,0.0002,37.53
31,169300,0.06175163388252258,0.0002,45.42
31,169400,0.021422844380140305,0.0002,53.3
31,169500,0.00999276340007782,0.0002,61.18
31,169600,0.036650631576776505,0.0002,69.04
31,169700,0.016263900324702263,0.0002,76.85
31,169800,0.027890032157301903,0.0002,84.51
31,169900,0.021367385983467102,0.0002,92.16
31,170000,0.0024278401397168636,0.0002,99.93
31,170100,0.012351480312645435,0.0002,107.84
31,170200,0.014355778694152832,0.0002,115.49
31,170300,0.015416949056088924,0.0002,123.28
31,170400,0.016134686768054962,0.0002,130.92
31,170500,0.015409791842103004,0.0002,138.57
31,170600,0.017636749893426895,0.0002,146.22
31,170700,0.016003474593162537,0.0002,153.86
31,170800,0.015415928326547146,0.0002,161.51
31,170900,0.012847431935369968,0.0002,169.16
31,171000,0.027365343645215034,0.0002,176.81
31,171100,0.0285551268607378,0.0002,184.47
31,171200,0.01766655407845974,0.0002,192.13
31,171300,0.027031173929572105,0.0002,199.77
31,171400,0.01992855593562126,0.0002,207.42
31,171500,0.012231392785906792,0.0002,215.06
31,171600,0.01703079417347908,0.0002,222.82
31,171700,0.023590292781591415,0.0002,230.74
31,171800,0.010480386205017567,0.0002,238.49
31,171900,0.018150029703974724,0.0002,246.51
31,172000,0.03783073648810387,0.0002,254.32
31,172100,0.021485591307282448,0.0002,262.18
31,172200,0.024271532893180847,0.0002,270.05
31,172300,0.034881677478551865,0.0002,277.91
31,172400,0.01239432767033577,0.0002,285.78
31,172500,0.017436962574720383,0.0002,293.65
31,172600,0.02528829127550125,0.0002,301.52
31,172700,0.010211125016212463,0.0002,309.38
31,172800,0.011228648945689201,0.0002,317.26
31,172900,0.013190865516662598,0.0002,325.12
31,173000,0.03350627049803734,0.0002,333.02
31,173100,0.01834486611187458,0.0002,341.04
31,173200,0.01929590292274952,0.0002,349.19
31,173300,0.0053361826576292515,0.0002,357.09
31,173400,0.01342211477458477,0.0002,364.99
31,173500,0.023956503719091415,0.0002,373.04
31,173600,0.007830687798559666,0.0002,380.89
31,173700,0.0509386882185936,0.0002,388.61
31,173800,0.01355874165892601,0.0002,396.26
31,173900,0.06387458741664886,0.0002,403.92
31,174000,0.011059502139687538,0.0002,411.62
31,174100,0.025107093155384064,0.0002,419.45
31,174200,0.002865271409973502,0.0002,427.3
31,174300,0.00236265966668725,0.0002,435.15
32,174400,0.019054710865020752,0.0002,4.41
32,174500,0.013223225250840187,0.0002,12.17
32,174600,0.026259593665599823,0.0002,19.83
32,174700,0.01716005802154541,0.0002,27.89
32,174800,0.029407640919089317,0.0002,35.77
32,174900,0.043324243277311325,0.0002,43.65
32,175000,0.037272363901138306,0.0002,51.69
32,175100,0.03417755290865898,0.0002,59.55
32,175200,0.03141145780682564,0.0002,67.42
32,175300,0.033056750893592834,0.0002,75.27
32,175400,0.01814168691635132,0.0002,83.14
32,175500,0.012481315061450005,0.0002,91.03
32,175600,0.04686087369918823,0.0002,98.94
32,175700,0.03987828269600868,0.0002,106.8
32,175800,0.012125658802688122,0.0002,114.68
32,175900,0.05869350582361221,0.0002,122.57
32,176000,0.02119087427854538,0.0002,130.44
32,176100,0.023401323705911636,0.0002,138.32
32,176200,0.03327595442533493,0.0002,146.32
32,176300,0.02911468595266342,0.0002,154.32
32,176400,0.020580224692821503,0.0002,161.94
32,176500,0.01600607857108116,0.0002,169.57
32,176600,0.010787060484290123,0.0002,177.34
32,176700,0.0022808697540313005,0.0002,184.98
32,176800,0.08456555008888245,0.0002,192.62
32,176900,0.011770062148571014,0.0002,200.26
32,177000,0.047808222472667694,0.0002,207.9
32,177100,0.0213859174400568,0.0002,215.56
32,177200,0.0083664171397686,0.0002,223.32
32,177300,0.030291343107819557,0.0002,231.22
32,177400,0.029900575056672096,0.0002,239.11
32,177500,0.009415772743523121,0.0002,246.99
32,177600,0.010052463039755821,0.0002,254.87
32,177700,0.02864151820540428,0.0002,262.76
32,177800,0.011977420188486576,0.0002,271.04
32,177900,0.015629393979907036,0.0002,278.92
32,178000,0.031578872352838516,0.0002,286.8
32,178100,0.007657358422875404,0.0002,294.66
32,178200,0.011933520436286926,0.0002,302.53
32,178300,0.016268692910671234,0.0002,310.16
32,178400,0.031837157905101776,0.0002,317.81
32,178500,0.07434094697237015,0.0002,325.7
32,178600,0.02639276348054409,0.0002,333.62
32,178700,0.04664921760559082,0.0002,341.46
32,178800,0.01213357225060463,0.0002,349.3
32,178900,0.03462763503193855,0.0002,357.15
32,179000,0.006667390000075102,0.0002,365.0
32,179100,0.02931205742061138,0.0002,372.89
32,179200,0.035502757877111435,0.0002,380.77
32,179300,0.030901366844773293,0.0002,388.77
32,179400,0.0026605359744280577,0.0002,396.93
32,179500,0.06365951895713806,0.0002,404.82
32,179600,0.03584320470690727,0.0002,412.68
32,179700,0.011714600026607513,0.0002,420.55
32,179800,0.04146047681570053,0.0002,428.57
32,179900,0.02338906191289425,0.0002,436.45
33,180000,0.03055824525654316,0.0002,2.53
33,180100,0.021231474354863167,0.0002,10.4
33,180200,0.007403061259537935,0.0002,18.24
33,180300,0.0009438926936127245,0.0002,26.12
33,180400,0.02184208296239376,0.0002,33.99
33,180500,0.026765141636133194,0.0002,41.85
33,180600,0.03700355067849159,0.0002,49.72
33,180700,0.023909034207463264,0.0002,57.59
33,180800,0.033940184861421585,0.0002,65.59
33,180900,0.013969343155622482,0.0002,73.72
33,181000,0.033097222447395325,0.0002,81.42
33,181100,0.0023422830272465944,0.0002,89.16
33,181200,0.025612737983465195,0.0002,97.01
33,181300,0.03890334814786911,0.0002,104.87
33,181400,0.008987766690552235,0.0002,112.87
33,181500,0.06392249464988708,0.0002,120.73
33,181600,0.012156970798969269,0.0002,128.6
33,181700,0.03784086927771568,0.0002,136.47
33,181800,0.014382779598236084,0.0002,144.35
33,181900,0.025485090911388397,0.0002,152.21
33,182000,0.011408383026719093,0.0002,160.08
33,182100,0.032990552484989166,0.0002,167.95
33,182200,0.020339887589216232,0.0002,175.83
33,182300,0.0038745994679629803,0.0002,183.66
33,182400,0.04101555049419403,0.0002,191.64
33,182500,0.02092689275741577,0.0002,199.77
33,182600,0.02548559010028839,0.0002,207.64
33,182700,0.057962965220212936,0.0002,215.52
33,182800,0.015613919124007225,0.0002,223.4
33,182900,0.013016551733016968,0.0002,231.41
33,183000,0.045037806034088135,0.0002,239.28
33,183100,0.06052331253886223,0.0002,247.14
33,183200,0.0620805025100708,0.0002,255.02
33,183300,0.015579781495034695,0.0002,262.9
33,183400,0.03159746155142784,0.0002,270.77
33,183500,0.03707098215818405,0.0002,278.64
33,183600,0.048252418637275696,0.0002,286.51
33,183700,0.012993784621357918,0.0002,294.38
33,183800,0.012794733978807926,0.0002,302.26
33,183900,0.024731531739234924,0.0002,310.25
33,184000,0.02464533969759941,0.0002,318.36
33,184100,0.0626426562666893,0.0002,326.24
33,184200,0.01840980164706707,0.0002,334.11
33,184300,0.016686085611581802,0.0002,341.98
33,184400,0.04034831002354622,0.0002,349.85
33,184500,0.038483843207359314,0.0002,357.85
33,184600,0.034043338149785995,0.0002,365.72
33,184700,0.04578546807169914,0.0002,373.58
33,184800,0.03541594371199608,0.0002,381.46
33,184900,0.011057269759476185,0.0002,389.33
33,185000,0.0072792163118720055,0.0002,397.2
33,185100,0.05347583070397377,0.0002,405.07
33,185200,0.010480429977178574,0.0002,412.93
33,185300,0.012693895027041435,0.0002,420.81
33,185400,0.010082755237817764,0.0002,428.69
33,185500,0.016010593622922897,0.0002,436.69
34,185600,0.026265162974596024,0.0002,1.86
34,185700,0.022493693977594376,0.0002,9.52
34,185800,0.03269539400935173,0.0002,17.17
34,185900,0.0030650454573333263,0.0002,24.82
34,186000,0.03208576515316963,0.0002,32.63
34,186100,0.06638520210981369,0.0002,40.25
34,186200,0.01175637450069189,0.0002,47.99
34,186300,0.013888612389564514,0.0002,55.85
34,186400,0.03928499296307564,0.0002,63.69
34,186500,0.005406826268881559,0.0002,71.55
34,186600,0.0056889113038778305,0.0002,79.41
34,186700,0.013261763378977776,0.0002,87.28
34,186800,0.023003937676548958,0.0002,95.15
34,186900,0.03649566322565079,0.0002,103.0
34,187000,0.06313109397888184,0.0002,111.0
34,187100,0.011472363956272602,0.0002,119.13
34,187200,0.030499817803502083,0.0002,127.01
34,187300,0.019772201776504517,0.0002,134.88
34,187400,0.020029757171869278,0.0002,142.74
34,187500,0.02983000874519348,0.0002,150.62
34,187600,0.017678434029221535,0.0002,158.61
34,187700,0.025243215262889862,0.0002,166.49
34,187800,0.028428591787815094,0.0002,174.23
34,187900,0.014971155673265457,0.0002,181.9
34,188000,0.08600270748138428,0.0002,189.55
34,188100,0.02704412117600441,0.0002,197.2
34,188200,0.01903245598077774,0.0002,204.85
34,188300,0.015872446820139885,0.0002,212.49
34,188400,0.014913692139089108,0.0002,220.14
34,188500,0.037481699138879776,0.0002,227.79
34,188600,0.02674846164882183,0.0002,235.83
34,188700,0.028130732476711273,0.0002,243.48
34,188800,0.03685509413480759,0.0002,251.14
34,188900,0.01405453309416771,0.0002,258.78
34,189000,0.04427965730428696,0.0002,266.43
34,189100,0.028937306255102158,0.0002,274.08
34,189200,0.009743066504597664,0.0002,281.86
34,189300,0.05206384137272835,0.0002,289.51
34,189400,0.03252733498811722,0.0002,297.37
34,189500,0.03332802653312683,0.0002,305.2
34,189600,0.025174042209982872,0.0002,312.9
34,189700,0.020223252475261688,0.0002,320.56
34,189800,0.010960429906845093,0.0002,328.46
34,189900,0.014795571565628052,0.0002,336.25
34,190000,0.08042240142822266,0.0002,343.91
34,190100,0.013178646564483643,0.0002,351.7
34,190200,0.03192618861794472,0.0002,359.63
34,190300,0.00519321346655488,0.0002,367.29
34,190400,0.01561708003282547,0.0002,374.94
34,190500,0.05253859609365463,0.0002,382.6
34,190600,0.025525495409965515,0.0002,390.25
34,190700,0.007060722913593054,0.0002,397.92
34,190800,0.05549364164471626,0.0002,405.8
34,190900,0.020687401294708252,0.0002,413.5
34,191000,0.012681557796895504,0.0002,421.16
34,191100,0.016817985102534294,0.0002,428.8
34,191200,0.02024157904088497,0.0002,436.44
35,191300,0.07546184957027435,0.0002,6.43
35,191400,0.023384440690279007,0.0002,14.05
35,191500,0.018267827108502388,0.0002,21.69
35,191600,0.022107217460870743,0.0002,29.45
35,191700,0.008347157388925552,0.0002,37.37
35,191800,0.008140618912875652,0.0002,45.01
35,191900,0.055845536291599274,0.0002,52.76
35,192000,0.017633605748414993,0.0002,60.62
35,192100,0.007546762004494667,0.0002,68.49
35,192200,0.021260403096675873,0.0002,76.35
35,192300,0.010551215149462223,0.0002,84.38
35,192400,0.03235373646020889,0.0002,92.28
35,192500,0.018850451335310936,0.0002,100.16
35,192600,0.00625067763030529,0.0002,108.04
35,192700,0.04922699183225632,0.0002,115.69
35,192800,0.014423929154872894,0.0002,123.33
35,192900,0.005476900842040777,0.0002,130.97
35,193000,0.013062294572591782,0.0002,138.78
35,193100,0.006838086061179638,0.0002,146.68
35,193200,0.02598859742283821,0.0002,154.71
35,193300,0.022079836577177048,0.0002,162.87
35,193400,0.03092142567038536,0.0002,170.75
35,193500,0.03673592209815979,0.0002,178.63
35,193600,0.007765601854771376,0.0002,186.5
35,193700,0.006870489101856947,0.0002,194.38
35,193800,0.010876500979065895,0.0002,202.28
35,193900,0.004456317517906427,0.0002,210.29
35,194000,0.015024895779788494,0.0002,218.18
35,194100,0.028229083865880966,0.0002,226.07
35,194200,0.02250850200653076,0.0002,233.96
35,194300,0.0093669593334198,0.0002,241.84
35,194400,0.014314576052129269,0.0002,249.72
35,194500,0.030762365087866783,0.0002,257.61
35,194600,0.013439697213470936,0.0002,265.51
35,194700,0.039484649896621704,0.0002,273.51
35,194800,0.02349526807665825,0.0002,281.67
35,194900,0.02964441105723381,0.0002,289.55
35,195000,0.013244017958641052,0.0002,297.44
35,195100,0.027980240061879158,0.0002,305.31
35,195200,0.013352625072002411,0.0002,313.18
35,195300,0.023585116490721703,0.0002,321.08
35,195400,0.03582558035850525,0.0002,328.96
35,195500,0.017561981454491615,0.0002,336.98
35,195600,0.031310781836509705,0.0002,344.88
35,195700,0.02039281465113163,0.0002,352.77
35,195800,0.07808281481266022,0.0002,360.65
35,195900,0.013449650257825851,0.0002,368.53
35,196000,0.016900982707738876,0.0002,376.42
35,196100,0.013295892626047134,0.0002,384.3
35,196200,0.02606537751853466,0.0002,392.18
35,196300,0.015712706372141838,0.0002,400.17
35,196400,0.019653795287013054,0.0002,408.15
35,196500,0.02745717018842697,0.0002,415.79
35,196600,0.026654798537492752,0.0002,423.44
35,196700,0.029880013316869736,0.0002,431.09
35,196800,0.016294609755277634,0.0002,438.73
36,196900,0.02409534901380539,0.0002,4.88
36,197000,0.027423173189163208,0.0002,12.87
36,197100,0.02375177852809429,0.0002,20.7
36,197200,0.01971324346959591,0.0002,28.57
36,197300,0.07488105446100235,0.0002,36.43
36,197400,0.05090027302503586,0.0002,44.31
36,197500,0.026793260127305984,0.0002,52.18
36,197600,0.01472341176122427,0.0002,60.08
36,197700,0.006128522567451,0.0002,67.99
36,197800,0.024050172418355942,0.0002,75.99
36,197900,0.03097122348845005,0.0002,84.11
36,198000,0.020014863461256027,0.0002,91.98
36,198100,0.0009629979613237083,0.0002,99.85
36,198200,0.08811963349580765,0.0002,107.72
36,198300,0.01739775761961937,0.0002,115.6
36,198400,0.013912642374634743,0.0002,123.29
36,198500,0.015153301879763603,0.0002,131.15
36,198600,0.0356813408434391,0.0002,139.06
36,198700,0.0659436509013176,0.0002,146.94
36,198800,0.021782252937555313,0.0002,154.82
36,198900,0.02011840045452118,0.0002,162.7
36,199000,0.025958821177482605,0.0002,170.58
36,199100,0.025922469794750214,0.0002,178.48
36,199200,0.024017898365855217,0.0002,186.36
36,199300,0.011157444678246975,0.0002,194.24
36,199400,0.011537769809365273,0.0002,202.25
36,199500,0.008647623471915722,0.0002,210.4
36,199600,0.019786952063441277,0.0002,218.29
36,199700,0.024255795404314995,0.0002,226.18
36,199800,0.008065544068813324,0.0002,234.07
36,199900,0.0193998534232378,0.0002,241.96
36,200000,0.021756552159786224,0.0002,249.86
36,200100,0.0432841032743454,0.0002,257.88
36,200200,0.015631582587957382,0.0002,265.77
36,200300,0.015991244465112686,0.0002,273.62
36,200400,0.008115619421005249,0.0002,281.27
36,200500,0.020649515092372894,0.0002,288.92
36,200600,0.014263474382460117,0.0002,296.56
36,200700,0.01373416930437088,0.0002,304.38
36,200800,0.027524299919605255,0.0002,312.25
36,200900,0.012191018089652061,0.0002,320.24
36,201000,0.022569796070456505,0.0002,328.35
36,201100,0.004887511022388935,0.0002,336.2
36,201200,0.013661067932844162,0.0002,344.06
36,201300,0.00455427635461092,0.0002,351.94
36,201400,0.04062114655971527,0.0002,359.81
36,201500,0.007830729708075523,0.0002,367.58
36,201600,0.06057390570640564,0.0002,375.21
36,201700,0.009058438241481781,0.0002,382.97
36,201800,0.031135251745581627,0.0002,390.6
36,201900,0.04399307072162628,0.0002,398.39
36,202000,0.016840150579810143,0.0002,406.16
36,202100,0.02338510751724243,0.0002,413.78
36,202200,0.029010796919465065,0.0002,421.41
36,202300,0.005296019371598959,0.0002,429.06
36,202400,0.020955760031938553,0.0002,436.69
37,202500,0.005265301093459129,0.0002,2.98
37,202600,0.023225510492920876,0.0002,10.99
37,202700,0.009515862911939621,0.0002,18.88
37,202800,0.0073382118716835976,0.0002,26.77
37,202900,0.03195144981145859,0.0002,34.67
37,203000,0.027801405638456345,0.0002,42.56
37,203100,0.008895054459571838,0.0002,50.46
37,203200,0.028129801154136658,0.0002,58.47
37,203300,0.020782265812158585,0.0002,66.34
37,203400,0.004484848119318485,0.0002,74.21
37,203500,0.011619028635323048,0.0002,82.09
37,203600,0.00935131311416626,0.0002,89.98
37,203700,0.014258296228945255,0.0002,97.87
37,203800,0.019638683646917343,0.0002,105.76
37,203900,0.016276579350233078,0.0002,113.65
37,204000,0.0018102925969287753,0.0002,121.66
37,204100,0.011893713846802711,0.0002,129.82
37,204200,0.022408822551369667,0.0002,137.7
37,204300,0.025281105190515518,0.0002,145.59
37,204400,0.021021872758865356,0.0002,153.48
37,204500,0.02566683664917946,0.0002,161.37
37,204600,0.018691934645175934,0.0002,169.25
37,204700,0.030120188370347023,0.0002,177.14
37,204800,0.03240109235048294,0.0002,185.16
37,204900,0.016824904829263687,0.0002,193.04
37,205000,0.019721444696187973,0.0002,200.92
37,205100,0.008983900770545006,0.0002,208.8
37,205200,0.036006417125463486,0.0002,216.68
37,205300,0.006011137738823891,0.0002,224.57
37,205400,0.02452867478132248,0.0002,232.45
37,205500,0.028160832822322845,0.0002,240.32
37,205600,0.02365785464644432,0.0002,248.45
37,205700,0.0030743484385311604,0.0002,256.45
37,205800,0.02038723975419998,0.0002,264.32
37,205900,0.037229105830192566,0.0002,272.22
37,206000,0.10500755906105042,0.0002,280.09
37,206100,0.03198961168527603,0.0002,287.97
37,206200,0.014157452620565891,0.0002,295.85
37,206300,0.03248567879199982,0.0002,303.73
37,206400,0.018500836566090584,0.0002,311.73
37,206500,0.026516538113355637,0.0002,319.6
37,206600,0.030215654522180557,0.0002,327.48
37,206700,0.02417777106165886,0.0002,335.37
37,206800,0.03324967622756958,0.0002,343.24
37,206900,0.02122233249247074,0.0002,351.11
37,207000,0.018274711444973946,0.0002,358.98
37,207100,0.019118158146739006,0.0002,366.97
37,207200,0.006572480779141188,0.0002,375.09
37,207300,0.015238383784890175,0.0002,382.96
37,207400,0.008730229921638966,0.0002,390.84
37,207500,0.029103774577379227,0.0002,398.71
37,207600,0.04022494703531265,0.0002,406.57
37,207700,0.022320806980133057,0.0002,414.44
37,207800,0.06230657175183296,0.0002,422.31
37,207900,0.03650479018688202,0.0002,430.18
37,208000,0.0388062447309494,0.0002,438.19
38,208100,0.027044184505939484,0.0002,0.96
38,208200,0.027132239192724228,0.0002,8.83
38,208300,0.05141390115022659,0.0002,16.7
38,208400,0.0391726978123188,0.0002,24.57
38,208500,0.019265426322817802,0.0002,32.45
38,208600,0.04835417866706848,0.0002,40.46
38,208700,0.01015153992921114,0.0002,48.65
38,208800,0.0150109538808465,0.0002,56.41
38,208900,0.034984931349754333,0.0002,64.07
38,209000,0.022801628336310387,0.0002,71.73
38,209100,0.02034730091691017,0.0002,79.39
38,209200,0.018235426396131516,0.0002,87.04
38,209300,0.016506342217326164,0.0002,94.68
38,209400,0.01278467196971178,0.0002,102.32
38,209500,0.020159270614385605,0.0002,110.09
38,209600,0.0287849772721529,0.0002,117.73
38,209700,0.010625158436596394,0.0002,125.37
38,209800,0.004683914128690958,0.0002,133.01
38,209900,0.04080807417631149,0.0002,140.65
38,210000,0.024581268429756165,0.0002,148.3
38,210100,0.019421737641096115,0.0002,155.94
38,210200,0.01737319678068161,0.0002,163.72
38,210300,0.04944626986980438,0.0002,171.65
38,210400,0.038122378289699554,0.0002,179.3
38,210500,0.010336566716432571,0.0002,186.97
38,210600,0.03890421614050865,0.0002,194.63
38,210700,0.028394628316164017,0.0002,202.29
38,210800,0.02112717181444168,0.0002,209.96
38,210900,0.017090000212192535,0.0002,217.63
38,211000,0.024440566077828407,0.0002,225.3
38,211100,0.019431233406066895,0.0002,233.08
38,211200,0.01213199645280838,0.0002,240.73
38,211300,0.01407954003661871,0.0002,248.39
38,211400,0.04189262539148331,0.0002,256.04
38,211500,0.02643096260726452,0.0002,263.69
38,211600,0.003799411002546549,0.0002,271.33
38,211700,0.0024437177926301956,0.0002,279.11
38,211800,0.01193200796842575,0.0002,287.03
38,211900,0.04805963486433029,0.0002,294.7
38,212000,0.025897487998008728,0.0002,302.39
38,212100,0.021414143964648247,0.0002,310.04
38,212200,0.014500973746180534,0.0002,317.67
38,212300,0.006365224253386259,0.0002,325.31
38,212400,0.03235478699207306,0.0002,332.96
38,212500,0.017994437366724014,0.0002,340.63
38,212600,0.0457720123231411,0.0002,348.28
38,212700,0.02293514832854271,0.0002,356.06
38,212800,0.01978158764541149,0.0002,363.75
38,212900,0.01961001381278038,0.0002,371.42
38,213000,0.033169545233249664,0.0002,379.07
38,213100,0.004072671756148338,0.0002,386.75
38,213200,0.037818554788827896,0.0002,394.42
38,213300,0.018754862248897552,0.0002,402.22
38,213400,0.01791873201727867,0.0002,410.15
38,213500,0.030971182510256767,0.0002,417.81
38,213600,0.017673170194029808,0.0002,425.45
38,213700,0.010403122752904892,0.0002,433.09
39,213800,0.030837561935186386,0.0002,9.91
39,213900,0.017847076058387756,0.0002,17.78
39,214000,0.03239511325955391,0.0002,25.67
39,214100,0.03642434626817703,0.0002,33.55
39,214200,0.02500598132610321,0.0002,41.57
39,214300,0.024844342842698097,0.0002,49.46
39,214400,0.028840968385338783,0.0002,57.32
39,214500,0.02248670905828476,0.0002,65.09
39,214600,0.039201367646455765,0.0002,72.75
39,214700,0.03492949903011322,0.0002,80.4
39,214800,0.02646787278354168,0.0002,88.17
39,214900,0.04632633924484253,0.0002,96.1
39,215000,0.028035340830683708,0.0002,103.75
39,215100,0.014189908280968666,0.0002,111.38
39,215200,0.005301347468048334,0.0002,119.02
39,215300,0.022664280608296394,0.0002,126.66
39,215400,0.036148928105831146,0.0002,134.3
39,215500,0.037541620433330536,0.0002,141.96
39,215600,0.052079662680625916,0.0002,149.61
39,215700,0.007786069996654987,0.0002,157.39
39,215800,0.03660835325717926,0.0002,165.04
39,215900,0.025258522480726242,0.0002,172.7
39,216000,0.010226760059595108,0.0002,180.35
39,216100,0.06661342084407806,0.0002,188.0
39,216200,0.006299574859440327,0.0002,195.65
39,216300,0.01738584227859974,0.0002,203.3
39,216400,0.004408792592585087,0.0002,211.09
39,216500,0.020643005147576332,0.0002,219.02
39,216600,0.024522293359041214,0.0002,226.67
39,216700,0.029176725074648857,0.0002,234.32
39,216800,0.003938232082873583,0.0002,241.96
39,216900,0.04316437989473343,0.0002,249.62
39,217000,0.004906428046524525,0.0002,257.27
39,217100,0.007428557612001896,0.0002,264.93
39,217200,0.02063572406768799,0.0002,272.58
39,217300,0.003587115090340376,0.0002,280.37
39,217400,0.011092038825154305,0.0002,288.02
39,217500,0.023612599819898605,0.0002,295.67
39,217600,0.009594995528459549,0.0002,303.33
39,217700,0.01742340251803398,0.0002,310.98
39,217800,0.009950263425707817,0.0002,318.63
39,217900,0.03649218752980232,0.0002,326.42
39,218000,0.04489200562238693,0.0002,334.35
39,218100,0.04568904638290405,0.0002,342.02
39,218200,0.004429812543094158,0.0002,349.67
39,218300,0.04104036092758179,0.0002,357.32
39,218400,0.08200287818908691,0.0002,364.98
39,218500,0.04569555073976517,0.0002,372.63
39,218600,0.012913506478071213,0.0002,380.28
39,218700,0.00313361338339746,0.0002,387.92
39,218800,0.027250688523054123,0.0002,395.6
39,218900,0.021560076624155045,0.0002,403.4
39,219000,0.03177090734243393,0.0002,411.14
39,219100,0.005348498001694679,0.0002,419.04
39,219200,0.027350427582859993,0.0002,426.9
39,219300,0.027018629014492035,0.0002,434.8
40,219400,0.012881527654826641,0.0002,7.4
40,219500,0.04479115456342697,0.0002,15.4
40,219600,0.025256384164094925,0.0002,23.55
40,219700,0.07982024550437927,0.0002,31.43
40,219800,0.032810550183057785,0.0002,39.32
40,219900,0.009593866765499115,0.0002,47.21
40,220000,0.009015267714858055,0.0002,55.12
40,220100,0.03378276154398918,0.0002,63.01
40,220200,0.02202475816011429,0.0002,70.91
40,220300,0.05976568162441254,0.0002,78.8
40,220400,0.014853233471512794,0.0002,86.83
40,220500,0.06881197541952133,0.0002,94.7
40,220600,0.04596120864152908,0.0002,102.56
40,220700,0.008640468120574951,0.0002,110.44
40,220800,0.020204901695251465,0.0002,118.31
40,220900,0.043643973767757416,0.0002,126.17
40,221000,0.05951059237122536,0.0002,134.17
40,221100,0.03771107643842697,0.0002,142.33
40,221200,0.008535762317478657,0.0002,150.18
40,221300,0.006033201236277819,0.0002,158.05
40,221400,0.010316174477338791,0.0002,165.91
40,221500,0.040746066719293594,0.0002,173.78
40,221600,0.01836487650871277,0.0002,181.64
40,221700,0.03632820025086403,0.0002,189.49
40,221800,0.010271425358951092,0.0002,197.35
40,221900,0.010735939256846905,0.0002,205.05
40,222000,0.02673836424946785,0.0002,212.85
40,222100,0.04219801723957062,0.0002,220.49
40,222200,0.02170034497976303,0.0002,228.13
40,222300,0.025663450360298157,0.0002,235.78
40,222400,0.01441493071615696,0.0002,243.42
40,222500,0.014820036478340626,0.0002,251.07
40,222600,0.030330009758472443,0.0002,258.84
40,222700,0.009380743838846684,0.0002,266.9
40,222800,0.008758476004004478,0.0002,274.69
40,222900,0.011367828585207462,0.0002,282.34
40,223000,0.027625201269984245,0.0002,290.0
40,223100,0.009167322888970375,0.0002,297.64
40,223200,0.0399191752076149,0.0002,305.28
40,223300,0.010583609342575073,0.0002,312.93
40,223400,0.008431803435087204,0.0002,320.57
40,223500,0.01574324071407318,0.0002,328.38
40,223600,0.02272374927997589,0.0002,336.4
40,223700,0.0705699473619461,0.0002,344.28
40,223800,0.030411938205361366,0.0002,352.17
40,223900,0.030809301882982254,0.0002,360.06
40,224000,0.008892949670553207,0.0002,367.95
40,224100,0.03162490576505661,0.0002,375.96
40,224200,0.01639258861541748,0.0002,384.01
40,224300,0.019266651943325996,0.0002,391.66
40,224400,0.019592508673667908,0.0002,399.31
40,224500,0.0175001323223114,0.0002,406.96
40,224600,0.012381702661514282,0.0002,414.61
40,224700,0.023603158071637154,0.0002,422.25
40,224800,0.01324976235628128,0.0002,429.9
40,224900,0.01336014922708273,0.0002,437.54
